年度,地區別,特用作物類別,種植面積,收穫面積,每公頃平均產量,產量
"2020","新北市","茶葉","751.76","666.53","2513.717","418.867"
"2020","台北市","茶葉","63","63","2775.238","43.71"
"2020","桃園市","茶葉","541.13","450.06","3501.169","393.934"
"2020","台中市","茶葉","457.5","457.5","1800.516","205.934"
"2020","台南市","茶葉","0.2","0.2","4000","0.2"
"2020","高雄市","茶葉","126.48","126.48","4222.802","133.525"
"2020","宜蘭縣","茶葉","164.36","158.75","2705.335","107.368"
"2020","新竹縣","茶葉","400.03","398.03","4269.628","424.86"
"2020","苗栗縣","茶葉","270.87","270.87","3127.877","211.812"
"2020","彰化縣","茶葉","2.42","2.42","4806.612","2.908"
"2020","南投縣","茶葉","6546.81","6458.41","6041.665","9754.887"
"2020","雲林縣","茶葉","348.52","348.52","3984.345","347.156"
"2020","嘉義縣","茶葉","1805.61","1805.61","3922.59","1770.667"
"2020","屏東縣","茶葉","468.22","338","3498.32","295.608"
"2020","台東縣","茶葉","183.1","181.7","2985.603","135.621"
"2020","花蓮縣","茶葉","135.42","123.92","3029.406","93.851"
"2020","澎湖縣","茶葉","0","0","0","0"
"2020","基隆市","茶葉","0.02","0.02","2600","0.013"
"2020","新竹市","茶葉","0.5","0.5","3200","0.4"
"2020","嘉義市","茶葉","0","0","0","0"
"2020","金門縣","茶葉","0","0","0","0"
"2020","連江縣","茶葉","0","0","0","0"
"2020","新北市","菸草","-","-","-","-"
"2020","台北市","菸草","-","-","-","-"
"2020","桃園市","菸草","-","-","-","-"
"2020","台中市","菸草","-","-","-","-"
"2020","台南市","菸草","-","-","-","-"
"2020","高雄市","菸草","-","-","-","-"
"2020","宜蘭縣","菸草","-","-","-","-"
"2020","新竹縣","菸草","-","-","-","-"
"2020","苗栗縣","菸草","-","-","-","-"
"2020","彰化縣","菸草","-","-","-","-"
"2020","南投縣","菸草","-","-","-","-"
"2020","雲林縣","菸草","-","-","-","-"
"2020","嘉義縣","菸草","-","-","-","-"
"2020","屏東縣","菸草","-","-","-","-"
"2020","台東縣","菸草","-","-","-","-"
"2020","花蓮縣","菸草","-","-","-","-"
"2020","澎湖縣","菸草","-","-","-","-"
"2020","基隆市","菸草","-","-","-","-"
"2020","新竹市","菸草","-","-","-","-"
"2020","嘉義市","菸草","-","-","-","-"
"2020","金門縣","菸草","-","-","-","-"
"2020","連江縣","菸草","-","-","-","-"
"2020","新北市","製糖甘蔗-白糖","-","-","-","-"
"2020","台北市","製糖甘蔗-白糖","-","-","-","-"
"2020","桃園市","製糖甘蔗-白糖","-","-","-","-"
"2020","台中市","製糖甘蔗-白糖","-","-","-","-"
"2020","台南市","製糖甘蔗-白糖","1667","1636","62557","102326"
"2020","高雄市","製糖甘蔗-白糖","69","69","63361","4386"
"2020","宜蘭縣","製糖甘蔗-白糖","-","-","-","-"
"2020","新竹縣","製糖甘蔗-白糖","-","-","-","-"
"2020","苗栗縣","製糖甘蔗-白糖","-","-","-","-"
"2020","彰化縣","製糖甘蔗-白糖","990","977","69459","67849"
"2020","南投縣","製糖甘蔗-白糖","-","-","-","-"
"2020","雲林縣","製糖甘蔗-白糖","2654","2613","71663","187287"
"2020","嘉義縣","製糖甘蔗-白糖","2705","2680","63038","168948"
"2020","屏東縣","製糖甘蔗-白糖","-","-","-","-"
"2020","台東縣","製糖甘蔗-白糖","-","-","-","-"
"2020","花蓮縣","製糖甘蔗-白糖","-","-","-","-"
"2020","澎湖縣","製糖甘蔗-白糖","-","-","-","-"
"2020","基隆市","製糖甘蔗-白糖","-","-","-","-"
"2020","新竹市","製糖甘蔗-白糖","-","-","-","-"
"2020","嘉義市","製糖甘蔗-白糖","-","-","-","-"
"2020","金門縣","製糖甘蔗-白糖","-","-","-","-"
"2020","連江縣","製糖甘蔗-白糖","-","-","-","-"
"2020","新北市","樹薯","10.12","8.75","11288.457","98.774"
"2020","台北市","樹薯","-","-","-","-"
"2020","桃園市","樹薯","1.2","1.01","13045.545","13.176"
"2020","台中市","樹薯","0.2","0.2","13525","2.705"
"2020","台南市","樹薯","3.74","3.74","15889.037","59.425"
"2020","高雄市","樹薯","9.56","9.56","13746.339","131.415"
"2020","宜蘭縣","樹薯","1.36","0.96","17117.708","16.433"
"2020","新竹縣","樹薯","0.44","0.44","13681.818","6.02"
"2020","苗栗縣","樹薯","6.27","6.27","13474.003","84.482"
"2020","彰化縣","樹薯","0.3","0.3","12000","3.6"
"2020","南投縣","樹薯","0.34","0.34","9764.706","3.32"
"2020","雲林縣","樹薯","-","-","-","-"
"2020","嘉義縣","樹薯","5.38","5.38","15042.751","80.93"
"2020","屏東縣","樹薯","2.33","2.33","13484.549","31.419"
"2020","台東縣","樹薯","0.6","0.6","14918.333","8.951"
"2020","花蓮縣","樹薯","2.98","2.58","13069.38","33.719"
"2020","澎湖縣","樹薯","0.03","0.03","9000","0.27"
"2020","基隆市","樹薯","-","-","-","-"
"2020","新竹市","樹薯","-","-","-","-"
"2020","嘉義市","樹薯","0.12","0.12","15000","1.8"
"2020","金門縣","樹薯","-","-","-","-"
"2020","連江縣","樹薯","-","-","-","-"
"2020","新北市","食用甘蔗","2.61","1.94","17369.072","33.696"
"2020","台北市","食用甘蔗","-","-","-","-"
"2020","桃園市","食用甘蔗","1.23","1.23","14258.537","17.538"
"2020","台中市","食用甘蔗","3.21","3.21","32295.639","103.669"
"2020","台南市","食用甘蔗","95.33","95.33","64301.741","6129.885"
"2020","高雄市","食用甘蔗","26.04","25.93","66100.578","1713.988"
"2020","宜蘭縣","食用甘蔗","4.29","3.59","17466.574","62.705"
"2020","新竹縣","食用甘蔗","3.15","3.15","20301.587","63.95"
"2020","苗栗縣","食用甘蔗","3.74","3.74","35938.235","134.409"
"2020","彰化縣","食用甘蔗","43.62","43.62","80297.318","3502.569"
"2020","南投縣","食用甘蔗","101.09","100.94","108898.058","10992.17"
"2020","雲林縣","食用甘蔗","67.06","67.06","92079.749","6174.868"
"2020","嘉義縣","食用甘蔗","146.38","93.38","56923.399","5315.507"
"2020","屏東縣","食用甘蔗","36.15","33.35","61957.841","2066.294"
"2020","台東縣","食用甘蔗","15.84","15.84","88182.008","1396.803"
"2020","花蓮縣","食用甘蔗","7.29","6.75","27523.259","185.782"
"2020","澎湖縣","食用甘蔗","-","-","-","-"
"2020","基隆市","食用甘蔗","0.01","0.01","17100","0.171"
"2020","新竹市","食用甘蔗","-","-","-","-"
"2020","嘉義市","食用甘蔗","1.45","1.45","59189.655","85.825"
"2020","金門縣","食用甘蔗","0.04","0.04","16275","0.651"
"2020","連江縣","食用甘蔗","-","-","-","-"
"2020","新北市","芝麻","-","-","-","-"
"2020","台北市","芝麻","-","-","-","-"
"2020","桃園市","芝麻","-","-","-","-"
"2020","台中市","芝麻","121.93","121.93","575.511","70.172"
"2020","台南市","芝麻","1853.72","1853.72","1063.941","1972.249"
"2020","高雄市","芝麻","1.56","1.56","707.051","1.103"
"2020","宜蘭縣","芝麻","0.09","0.09","600","0.054"
"2020","新竹縣","芝麻","0.5","0.5","500","0.25"
"2020","苗栗縣","芝麻","97.33","97.33","665.283","64.752"
"2020","彰化縣","芝麻","85.84","85.84","529.706","45.47"
"2020","南投縣","芝麻","1.3","1.3","616.923","0.802"
"2020","雲林縣","芝麻","45.32","45.32","572.418","25.942"
"2020","嘉義縣","芝麻","49.01","49.01","519.2","25.446"
"2020","屏東縣","芝麻","77.28","77.28","815.437","63.017"
"2020","台東縣","芝麻","-","-","-","-"
"2020","花蓮縣","芝麻","4.7","4.7","914.894","4.3"
"2020","澎湖縣","芝麻","-","-","-","-"
"2020","基隆市","芝麻","-","-","-","-"
"2020","新竹市","芝麻","-","-","-","-"
"2020","嘉義市","芝麻","0.58","0.58","579.31","0.336"
"2020","金門縣","芝麻","-","-","-","-"
"2020","連江縣","芝麻","-","-","-","-"
"2020","新北市","香花作物","0.03","0.03","2666.667","0.08"
"2020","台北市","香花作物","-","-","-","-"
"2020","桃園市","香花作物","-","-","-","-"
"2020","台中市","香花作物","-","-","-","-"
"2020","台南市","香花作物","0.25","0.25","452","0.113"
"2020","高雄市","香花作物","1.04","1.04","2951.923","3.07"
"2020","宜蘭縣","香花作物","-","-","-","-"
"2020","新竹縣","香花作物","0.05","0.05","500","0.025"
"2020","苗栗縣","香花作物","35.81","35.81","1054.007","37.744"
"2020","彰化縣","香花作物","25.69","25.69","2486.61","63.881"
"2020","南投縣","香花作物","-","-","-","-"
"2020","雲林縣","香花作物","0.4","0.4","2000","0.8"
"2020","嘉義縣","香花作物","-","-","-","-"
"2020","屏東縣","香花作物","11.61","11.29","2286.005","25.809"
"2020","台東縣","香花作物","8.76","8.76","575.913","5.045"
"2020","花蓮縣","香花作物","0.94","0.94","547.872","0.515"
"2020","澎湖縣","香花作物","-","-","-","-"
"2020","基隆市","香花作物","-","-","-","-"
"2020","新竹市","香花作物","-","-","-","-"
"2020","嘉義市","香花作物","-","-","-","-"
"2020","金門縣","香花作物","-","-","-","-"
"2020","連江縣","香花作物","-","-","-","-"
"2020","新北市","山藥","35.97","35.97","15112.455","543.595"
"2020","台北市","山藥","15.04","15.04","15682.048","235.858"
"2020","桃園市","山藥","0.91","0.91","8934.066","8.13"
"2020","台中市","山藥","6.12","6.12","12552.778","76.823"
"2020","台南市","山藥","0.81","0.81","25259.259","20.46"
"2020","高雄市","山藥","6.8","6.8","13155.441","89.457"
"2020","宜蘭縣","山藥","11.67","11.67","17639.674","205.855"
"2020","新竹縣","山藥","1.45","1.45","9751.724","14.14"
"2020","苗栗縣","山藥","0.64","0.64","13092.188","8.379"
"2020","彰化縣","山藥","129.13","129.13","29911.33","3862.45"
"2020","南投縣","山藥","211.31","211.31","42379.868","8955.29"
"2020","雲林縣","山藥","14.76","14.76","19712.06","290.95"
"2020","嘉義縣","山藥","8.27","8.27","17840.387","147.54"
"2020","屏東縣","山藥","16.59","16.59","16707.957","277.185"
"2020","台東縣","山藥","0.05","0.05","12760","0.638"
"2020","花蓮縣","山藥","2.02","2.02","27415.842","55.38"
"2020","澎湖縣","山藥","-","-","-","-"
"2020","基隆市","山藥","0.71","0.71","15911.268","11.297"
"2020","新竹市","山藥","-","-","-","-"
"2020","嘉義市","山藥","1.3","1.3","19200","24.96"
"2020","金門縣","山藥","0.24","0.24","5162.5","1.239"
"2020","連江縣","山藥","-","-","-","-"
"2020","新北市","其他特用作物","155.25","128.04","1895.619","242.715"
"2020","台北市","其他特用作物","3.77","3.77","1908.488","7.195"
"2020","桃園市","其他特用作物","168.84","148.35","1122.38","166.505"
"2020","台中市","其他特用作物","226.93","225.23","4432.9","998.422"
"2020","台南市","其他特用作物","344.03","341.04","2914.289","993.889"
"2020","高雄市","其他特用作物","648.09","647.84","4500.869","2915.843"
"2020","宜蘭縣","其他特用作物","48.27","38.69","2072.06","80.168"
"2020","新竹縣","其他特用作物","189.37","173.34","2924.605","506.951"
"2020","苗栗縣","其他特用作物","322.36","322.36","1878.369","605.511"
"2020","彰化縣","其他特用作物","298.47","295.47","4222.087","1247.5"
"2020","南投縣","其他特用作物","820.13","817.63","2717.405","2221.832"
"2020","雲林縣","其他特用作物","237.22","237.22","4550.072","1079.368"
"2020","嘉義縣","其他特用作物","808.78","802.75","1750.19","1404.965"
"2020","屏東縣","其他特用作物","454.93","430.95","3255.538","1402.974"
"2020","台東縣","其他特用作物","1466.2","1442.73","3921.807","5658.109"
"2020","花蓮縣","其他特用作物","643.29","547.58","2477.963","1356.883"
"2020","澎湖縣","其他特用作物","10.96","10.96","1735.128","19.017"
"2020","基隆市","其他特用作物","0.02","0.02","4000","0.08"
"2020","新竹市","其他特用作物","0.58","0.27","2744.444","0.741"
"2020","嘉義市","其他特用作物","2.1","2.1","5038.571","10.581"
"2020","金門縣","其他特用作物","0.33","0.33","903.03","0.298"
"2020","連江縣","其他特用作物","-","-","-","-"
"2019","新北市","茶葉","750.4","664.13","2594.30533178745","430.739"
"2019","台北市","茶葉","63","63","2807.61904761905","44.22"
"2019","桃園市","茶葉","534.44","490.85","3713.77813996129","455.727"
"2019","台中市","茶葉","463.6","463.6","2420.12079378775","280.492"
"2019","台南市","茶葉","0.2","0.2","4000","0.2"
"2019","高雄市","茶葉","154.18","154.18","4016.21481385394","154.805"
"2019","宜蘭縣","茶葉","166.34","159.64","2897.99548985217","115.659"
"2019","新竹縣","茶葉","400.16","399.97","4895.68717653824","489.532"
"2019","苗栗縣","茶葉","294.91","287.21","4484.73242575119","322.015"
"2019","彰化縣","茶葉","2.42","2.42","4806.61157024793","2.908"
"2019","南投縣","茶葉","6518.47","6424.37","6253.20957541362","10043.233"
"2019","雲林縣","茶葉","348.32","348.32","2019.93569131833","175.896"
"2019","嘉義縣","茶葉","1827.31","1827.31","3770.86537040787","1722.635"
"2019","屏東縣","茶葉","344.48","181.23","3589.25122772168","162.62"
"2019","台東縣","茶葉","193.4","186.97","3073.88351072365","143.681"
"2019","花蓮縣","茶葉","133.35","120.85","3036.85560612329","91.751"
"2019","澎湖縣","茶葉","0","0","0","0"
"2019","基隆市","茶葉","0.02","0.02","2600","0.013"
"2019","新竹市","茶葉","0.5","0.5","3200","0.4"
"2019","嘉義市","茶葉","0","0","0","0"
"2019","金門縣","茶葉","0","0","0","0"
"2019","連江縣","茶葉","0","0","0","0"
"2019","新北市","菸草","0","0","0","0"
"2019","台北市","菸草","0","0","0","0"
"2019","桃園市","菸草","0","0","0","0"
"2019","台中市","菸草","0","0","0","0"
"2019","台南市","菸草","0","0","0","0"
"2019","高雄市","菸草","0","0","0","0"
"2019","宜蘭縣","菸草","0","0","0","0"
"2019","新竹縣","菸草","0","0","0","0"
"2019","苗栗縣","菸草","0","0","0","0"
"2019","彰化縣","菸草","0","0","0","0"
"2019","南投縣","菸草","0","0","0","0"
"2019","雲林縣","菸草","0","0","0","0"
"2019","嘉義縣","菸草","0","0","0","0"
"2019","屏東縣","菸草","0","0","0","0"
"2019","台東縣","菸草","0","0","0","0"
"2019","花蓮縣","菸草","0","0","0","0"
"2019","澎湖縣","菸草","0","0","0","0"
"2019","基隆市","菸草","0","0","0","0"
"2019","新竹市","菸草","0","0","0","0"
"2019","嘉義市","菸草","0","0","0","0"
"2019","金門縣","菸草","0","0","0","0"
"2019","連江縣","菸草","0","0","0","0"
"2019","新北市","製糖甘蔗-白糖","-","-","-","-"
"2019","台北市","製糖甘蔗-白糖","-","-","-","-"
"2019","桃園市","製糖甘蔗-白糖","-","-","-","-"
"2019","台中市","製糖甘蔗-白糖","-","-","-","-"
"2019","台南市","製糖甘蔗-白糖","1676","1675","68360","114483"
"2019","高雄市","製糖甘蔗-白糖","57","57","73320","4162"
"2019","宜蘭縣","製糖甘蔗-白糖","-","-","-","-"
"2019","新竹縣","製糖甘蔗-白糖","-","-","-","-"
"2019","苗栗縣","製糖甘蔗-白糖","-","-","-","-"
"2019","彰化縣","製糖甘蔗-白糖","1043","1038","68907","71500"
"2019","南投縣","製糖甘蔗-白糖","-","-","-","-"
"2019","雲林縣","製糖甘蔗-白糖","2618","2618","65259","170836"
"2019","嘉義縣","製糖甘蔗-白糖","2700","2699","63580","171587"
"2019","屏東縣","製糖甘蔗-白糖","-","-","-","-"
"2019","台東縣","製糖甘蔗-白糖","","-","-","-"
"2019","花蓮縣","製糖甘蔗-白糖","-","-","-","-"
"2019","澎湖縣","製糖甘蔗-白糖","-","-","-","-"
"2019","基隆市","製糖甘蔗-白糖","-","-","-","-"
"2019","新竹市","製糖甘蔗-白糖","-","-","-","-"
"2019","嘉義市","製糖甘蔗-白糖","-","-","-","-"
"2019","金門縣","製糖甘蔗-白糖","-","-","-","-"
"2019","連江縣","製糖甘蔗-白糖","-","-","-","-"
"2019","新北市","樹薯","10.08","8.46","11260.87","95.267"
"2019","台北市","樹薯","0","0","0","0"
"2019","桃園市","樹薯","0.98","0.98","13320.41","13.054"
"2019","台中市","樹薯","0.2","0.2","13585","2.717"
"2019","台南市","樹薯","2.76","2.76","14900.36","41.125"
"2019","高雄市","樹薯","10.72","10.72","13510.26","144.83"
"2019","宜蘭縣","樹薯","0.81","0.81","15187.65","12.302"
"2019","新竹縣","樹薯","0.44","0.44","13681.82","6.02"
"2019","苗栗縣","樹薯","6.08","6.08","14340.13","87.188"
"2019","彰化縣","樹薯","0.3","0.3","12000","3.6"
"2019","南投縣","樹薯","0.2","0.2","8300","1.66"
"2019","雲林縣","樹薯","0","0","0","0"
"2019","嘉義縣","樹薯","5.38","5.38","15141.26","81.46"
"2019","屏東縣","樹薯","2.54","2.54","13595.28","34.532"
"2019","台東縣","樹薯","4.4","4.4","15188.64","66.83"
"2019","花蓮縣","樹薯","2.63","2.03","12738.92","25.86"
"2019","澎湖縣","樹薯","0","0","0","0"
"2019","基隆市","樹薯","0","0","0","0"
"2019","新竹市","樹薯","0","0","0","0"
"2019","嘉義市","樹薯","0","0","0","0"
"2019","金門縣","樹薯","0","0","0","0"
"2019","連江縣","樹薯","0","0","0","0"
"2019","新北市","食用甘蔗","2.33","1.82","17129.67","31.176"
"2019","台北市","食用甘蔗","0","0","0","0"
"2019","桃園市","食用甘蔗","1.29","1.28","14167.97","18.135"
"2019","台中市","食用甘蔗","3.89","3.89","34665.81","134.85"
"2019","台南市","食用甘蔗","100.16","100.16","64214.3","6431.704"
"2019","高雄市","食用甘蔗","24.69","24.69","66234.55","1635.331"
"2019","宜蘭縣","食用甘蔗","6.08","6.08","16715.95","101.633"
"2019","新竹縣","食用甘蔗","6.23","6.23","28370.79","176.75"
"2019","苗栗縣","食用甘蔗","3.95","3.95","34252.91","135.299"
"2019","彰化縣","食用甘蔗","50.2","49","81613","3999.037"
"2019","南投縣","食用甘蔗","127.31","126.71","106672.89","13516.522"
"2019","雲林縣","食用甘蔗","68.86","68.86","91866.66","6325.938"
"2019","嘉義縣","食用甘蔗","196.58","113.48","54458.73","6179.977"
"2019","屏東縣","食用甘蔗","33.53","33.53","61612.59","2065.87"
"2019","台東縣","食用甘蔗","20.09","20.09","87664.96","1761.189"
"2019","花蓮縣","食用甘蔗","6.13","6.13","28432.3","174.29"
"2019","澎湖縣","食用甘蔗","0","0","0","0"
"2019","基隆市","食用甘蔗","0","0","0","0"
"2019","新竹市","食用甘蔗","0","0","0","0"
"2019","嘉義市","食用甘蔗","1.5","1.5","59693.33","89.54"
"2019","金門縣","食用甘蔗","0.04","0.04","11275","0.451"
"2019","連江縣","食用甘蔗","0","0","0","0"
"2019","新北市","芝麻","0","0","0","0"
"2019","台北市","芝麻","0","0","0","0"
"2019","桃園市","芝麻","0.4","0.4","100","0.04"
"2019","台中市","芝麻","149.57","149.57","549.63","82.208"
"2019","台南市","芝麻","1810.39","1810.39","1027.22","1859.666"
"2019","高雄市","芝麻","2.55","2.55","680","1.734"
"2019","宜蘭縣","芝麻","0.21","0.21","619.05","0.13"
"2019","新竹縣","芝麻","1.07","1.07","537.38","0.575"
"2019","苗栗縣","芝麻","76.14","76.14","665.22","50.65"
"2019","彰化縣","芝麻","66.26","66.26","557.67","36.951"
"2019","南投縣","芝麻","1.4","1.4","503.57","0.705"
"2019","雲林縣","芝麻","12.21","12.21","527.52","6.441"
"2019","嘉義縣","芝麻","58.66","58.66","536.81","31.489"
"2019","屏東縣","芝麻","39.7","39.7","823.5","32.693"
"2019","台東縣","芝麻","0","0","0","0"
"2019","花蓮縣","芝麻","2.88","2.88","322.57","0.929"
"2019","澎湖縣","芝麻","0","0","0","0"
"2019","基隆市","芝麻","0","0","0","0"
"2019","新竹市","芝麻","0","0","0","0"
"2019","嘉義市","芝麻","0.2","0.2","580","0.116"
"2019","金門縣","芝麻","0","0","0","0"
"2019","連江縣","芝麻","0","0","0","0"
"2019","新北市","香花作物","0.03","0.03","2666.67","0.08"
"2019","台北市","香花作物","0","0","0","0"
"2019","桃園市","香花作物","0.02","0.02","500","0.01"
"2019","台中市","香花作物","0","0","0","0"
"2019","台南市","香花作物","0.25","0.25","452","0.113"
"2019","高雄市","香花作物","1.04","1.04","2951.92","3.07"
"2019","宜蘭縣","香花作物","0","0","0","0"
"2019","新竹縣","香花作物","0","0","0","0"
"2019","苗栗縣","香花作物","56.18","56.18","1128.32","63.389"
"2019","彰化縣","香花作物","25.89","25.89","1512.71","39.164"
"2019","南投縣","香花作物","0","0","0","0"
"2019","雲林縣","香花作物","0.82","0.82","2000","1.64"
"2019","嘉義縣","香花作物","0","0","0","0"
"2019","屏東縣","香花作物","12.79","12.79","2113.06","27.026"
"2019","台東縣","香花作物","9.3","8.61","585.37","5.04"
"2019","花蓮縣","香花作物","1.19","1.19","500","0.595"
"2019","澎湖縣","香花作物","0","0","0","0"
"2019","基隆市","香花作物","0","0","0","0"
"2019","新竹市","香花作物","0","0","0","0"
"2019","嘉義市","香花作物","0","0","0","0"
"2019","金門縣","香花作物","0","0","0","0"
"2019","連江縣","香花作物","0","0","0","0"
"2019","新北市","山藥","41","41","15223.83","624.177"
"2019","台北市","山藥","16.91","16.91","15581.14","263.477"
"2019","桃園市","山藥","1.05","1.05","10933.33","11.48"
"2019","台中市","山藥","6.97","6.97","12810.47","89.289"
"2019","台南市","山藥","0.57","0.57","28570.18","16.285"
"2019","高雄市","山藥","8.68","8.68","13477.07","116.981"
"2019","宜蘭縣","山藥","15.55","15.55","18974.66","295.056"
"2019","新竹縣","山藥","4.33","4.33","9993.07","43.27"
"2019","苗栗縣","山藥","0.69","0.69","13347.83","9.21"
"2019","彰化縣","山藥","141.06","141.06","29955.69","4225.55"
"2019","南投縣","山藥","197.95","197.95","41932.36","8300.51"
"2019","雲林縣","山藥","14.76","14.76","22845.8","337.204"
"2019","嘉義縣","山藥","7.94","7.94","17896.73","142.1"
"2019","屏東縣","山藥","17.72","17.72","14384.03","254.885"
"2019","台東縣","山藥","0.14","0.14","5150","0.721"
"2019","花蓮縣","山藥","5.92","5.92","22486.49","133.12"
"2019","澎湖縣","山藥","0","0","0","0"
"2019","基隆市","山藥","0.77","0.77","15675.32","12.07"
"2019","新竹市","山藥","0","0","0","0"
"2019","嘉義市","山藥","1.2","1.2","18000","21.6"
"2019","金門縣","山藥","0.24","0.24","9870.83","2.369"
"2019","連江縣","山藥","0","0","0","0"
"2019","新北市","其他特用作物","157.98","133.24","IF(E376=0,0,G376/E376*1000)","237.465"
"2019","台北市","其他特用作物","2.9","2.9","IF(E377=0,0,G377/E377*1000)","6.71699999999998"
"2019","桃園市","其他特用作物","170.68","158.64","IF(E378=0,0,G378/E378*1000)","163.053"
"2019","台中市","其他特用作物","220.36","220.06","IF(E379=0,0,G379/E379*1000)","949.713"
"2019","台南市","其他特用作物","310.51","308.47","IF(E380=0,0,G380/E380*1000)","951.01"
"2019","高雄市","其他特用作物","667.37","667.37","IF(E381=0,0,G381/E381*1000)","2861.663"
"2019","宜蘭縣","其他特用作物","48.12","44.99","IF(E382=0,0,G382/E382*1000)","111.387"
"2019","新竹縣","其他特用作物","175.21","164.69","IF(E383=0,0,G383/E383*1000)","513.293"
"2019","苗栗縣","其他特用作物","276.74","244.4","IF(E384=0,0,G384/E384*1000)","582.216"
"2019","彰化縣","其他特用作物","209.09","209.09","IF(E385=0,0,G385/E385*1000)","898.509"
"2019","南投縣","其他特用作物","832.34","779.14","IF(E386=0,0,G386/E386*1000)","2379.029"
"2019","雲林縣","其他特用作物","264.69","264.24","IF(E387=0,0,G387/E387*1000)","1177.299"
"2019","嘉義縣","其他特用作物","844.29","839.15","IF(E388=0,0,G388/E388*1000)","1462.782"
"2019","屏東縣","其他特用作物","441.8","427.57","IF(E389=0,0,G389/E389*1000)","1370.67"
"2019","台東縣","其他特用作物","1577.79","1576.11","IF(E390=0,0,G390/E390*1000)","6617.155"
"2019","花蓮縣","其他特用作物","661.15","559.88","IF(E391=0,0,G391/E391*1000)","1341.041"
"2019","澎湖縣","其他特用作物","11.97","11.97","IF(E392=0,0,G392/E392*1000)","21.622"
"2019","基隆市","其他特用作物","0","0","IF(E393=0,0,G393/E393*1000)","0"
"2019","新竹市","其他特用作物","0.72","0.21","IF(E394=0,0,G394/E394*1000)","2.205"
"2019","嘉義市","其他特用作物","2.12","2.12","IF(E395=0,0,G395/E395*1000)","11.807"
"2019","金門縣","其他特用作物","0.33","0.33","IF(E396=0,0,G396/E396*1000)","0.468"
"2019","連江縣","其他特用作物","0","0","0","0"
"2018","新北市","茶葉","749.92","657.43","2390.72144562919","392.933"
"2018","台北市","茶葉","63.5","63.5","2690.07874015748","42.705"
"2018","桃園市","茶葉","553.94","499.71","3624.51021592524","452.801"
"2018","台中市","茶葉","463.6","463.6","2400.14667817084","278.177"
"2018","台南市","茶葉","0.2","0.2","4000","0.2"
"2018","高雄市","茶葉","156.18","156.18","3965.88551671149","154.848"
"2018","宜蘭縣","茶葉","168.82","152.64","2893.37002096436","110.411"
"2018","新竹縣","茶葉","400.56","400.46","4125.56559956051","413.031"
"2018","苗栗縣","茶葉","288.81","288.81","5345.92292510647","385.989"
"2018","彰化縣","茶葉","2.52","2.52","4838.09523809524","3.048"
"2018","南投縣","茶葉","6463.1","6377.3","6292.31367506625","10031.993"
"2018","雲林縣","茶葉","367.52","367.52","3788.52851545494","348.09"
"2018","嘉義縣","茶葉","1827.31","1827.31","3951.06030175504","1804.953"
"2018","屏東縣","茶葉","257.75","103.03","3579.53993982335","92.2"
"2018","台東縣","茶葉","186.97","186.97","3063.52890838102","143.197"
"2018","花蓮縣","茶葉","127.28","112.28","2924.15390096188","82.081"
"2018","澎湖縣","茶葉","0","0","0","0"
"2018","基隆市","茶葉","0.02","0.02","2600","0.013"
"2018","新竹市","茶葉","0.9","0.9","4346.66666666667","0.978"
"2018","嘉義市","茶葉","0","0","0","0"
"2018","金門縣","茶葉","0","0","0","0"
"2018","連江縣","茶葉","0","0","0","0"
"2018","新北市","菸草","0","0","0","0"
"2018","台北市","菸草","0","0","0","0"
"2018","桃園市","菸草","0","0","0","0"
"2018","台中市","菸草","0","0","0","0"
"2018","台南市","菸草","0","0","0","0"
"2018","高雄市","菸草","0","0","0","0"
"2018","宜蘭縣","菸草","0","0","0","0"
"2018","新竹縣","菸草","0","0","0","0"
"2018","苗栗縣","菸草","0","0","0","0"
"2018","彰化縣","菸草","0","0","0","0"
"2018","南投縣","菸草","0","0","0","0"
"2018","雲林縣","菸草","0","0","0","0"
"2018","嘉義縣","菸草","0","0","0","0"
"2018","屏東縣","菸草","0","0","0","0"
"2018","台東縣","菸草","0","0","0","0"
"2018","花蓮縣","菸草","0","0","0","0"
"2018","澎湖縣","菸草","0","0","0","0"
"2018","基隆市","菸草","0","0","0","0"
"2018","新竹市","菸草","0","0","0","0"
"2018","嘉義市","菸草","0","0","0","0"
"2018","金門縣","菸草","0","0","0","0"
"2018","連江縣","菸草","0","0","0","0"
"2018","新北市","甘蔗原料","0","","IF(E442=0,0,G442/E442*1000)","0"
"2018","台北市","甘蔗原料","0","","IF(E443=0,0,G443/E443*1000)","0"
"2018","桃園市","甘蔗原料","0","","IF(E444=0,0,G444/E444*1000)","0"
"2018","台中市","甘蔗原料","0","","IF(E445=0,0,G445/E445*1000)","0"
"2018","台南市","甘蔗原料","1711","1711","70461","120547"
"2018","高雄市","甘蔗原料","70","70","78832","5517"
"2018","宜蘭縣","甘蔗原料","0","","IF(E448=0,0,G448/E448*1000)","0"
"2018","新竹縣","甘蔗原料","0","","IF(E449=0,0,G449/E449*1000)","0"
"2018","苗栗縣","甘蔗原料","0","","IF(E450=0,0,G450/E450*1000)","0"
"2018","彰化縣","甘蔗原料","1107","1107","76799","84994"
"2018","南投縣","甘蔗原料","0","0","IF(E452=0,0,G452/E452*1000)","0"
"2018","雲林縣","甘蔗原料","2828","2828","59564","196716"
"2018","嘉義縣","甘蔗原料","2810","2798","61121","171005"
"2018","屏東縣","甘蔗原料","0","0","IF(E455=0,0,G455/E455*1000)","0"
"2018","台東縣","甘蔗原料","0","0","IF(E456=0,0,G456/E456*1000)","0"
"2018","花蓮縣","甘蔗原料","0","0","IF(E457=0,0,G457/E457*1000)","0"
"2018","澎湖縣","甘蔗原料","0","0","IF(E458=0,0,G458/E458*1000)","0"
"2018","基隆市","甘蔗原料","0","0","IF(E459=0,0,G459/E459*1000)","0"
"2018","新竹市","甘蔗原料","0","0","IF(E460=0,0,G460/E460*1000)","0"
"2018","嘉義市","甘蔗原料","0","0","IF(E461=0,0,G461/E461*1000)","0"
"2018","金門縣","甘蔗原料","0","0","IF(E462=0,0,G462/E462*1000)","0"
"2018","連江縣","甘蔗原料","0","0","IF(E463=0,0,G463/E463*1000)","0"
"2018","新北市","樹薯","10.35","8.02","10968.7","87.969"
"2018","台北市","樹薯","0","0","0","0"
"2018","桃園市","樹薯","1.34","0.76","13610.53","10.344"
"2018","台中市","樹薯","0.22","0.22","13522.73","2.975"
"2018","台南市","樹薯","4.16","4.16","15853.37","65.95"
"2018","高雄市","樹薯","11.42","11.22","12322.19","138.255"
"2018","宜蘭縣","樹薯","0.65","0.65","14658.46","9.528"
"2018","新竹縣","樹薯","0.54","0.16","13375","2.14"
"2018","苗栗縣","樹薯","5.62","5.62","14506.41","81.526"
"2018","彰化縣","樹薯","0","0","0","0"
"2018","南投縣","樹薯","2.38","2.38","11146.22","26.528"
"2018","雲林縣","樹薯","0","0","0","0"
"2018","嘉義縣","樹薯","6.03","6.03","15479.27","93.34"
"2018","屏東縣","樹薯","1.56","1.56","14000","21.84"
"2018","台東縣","樹薯","2.43","2.43","15300","37.179"
"2018","花蓮縣","樹薯","2.21","2.21","14438.91","31.91"
"2018","澎湖縣","樹薯","0","0","0","0"
"2018","基隆市","樹薯","0","0","0","0"
"2018","新竹市","樹薯","0","0","0","0"
"2018","嘉義市","樹薯","0","0","0","0"
"2018","金門縣","樹薯","0","0","0","0"
"2018","連江縣","樹薯","0","0","0","0"
"2018","新北市","食用甘蔗","2.13","1.64","17259.15","28.305"
"2018","台北市","食用甘蔗","0","0","0","0"
"2018","桃園市","食用甘蔗","0.56","0.56","15303.57","8.57"
"2018","台中市","食用甘蔗","3.86","3.86","35934.46","138.707"
"2018","台南市","食用甘蔗","101.04","101.04","63476.16","6413.631"
"2018","高雄市","食用甘蔗","26.75","26.7","67011.12","1789.197"
"2018","宜蘭縣","食用甘蔗","6.65","6.65","17010.98","113.123"
"2018","新竹縣","食用甘蔗","5.92","5.62","28265.12","158.85"
"2018","苗栗縣","食用甘蔗","4.14","4.14","36492.51","151.079"
"2018","彰化縣","食用甘蔗","37.66","37.26","82019.73","3056.055"
"2018","南投縣","食用甘蔗","123.83","96.63","108975.48","10530.301"
"2018","雲林縣","食用甘蔗","64.52","64.52","92401.39","5961.738"
"2018","嘉義縣","食用甘蔗","203.39","203.39","50289.76","10228.434"
"2018","屏東縣","食用甘蔗","41.83","41.6","62606.56","2604.433"
"2018","台東縣","食用甘蔗","18.86","18.86","86923.17","1639.371"
"2018","花蓮縣","食用甘蔗","5.4","5.28","30559.66","161.355"
"2018","澎湖縣","食用甘蔗","0","0","0","0"
"2018","基隆市","食用甘蔗","0","0","0","0"
"2018","新竹市","食用甘蔗","0","0","0","0"
"2018","嘉義市","食用甘蔗","2.1","2.1","51857.14","108.9"
"2018","金門縣","食用甘蔗","0.04","0.04","15500","0.62"
"2018","連江縣","食用甘蔗","0","0","0","0"
"2018","新北市","芝麻","0","0","0","0"
"2018","台北市","芝麻","0","0","0","0"
"2018","桃園市","芝麻","5.15","5.15","830.1","4.275"
"2018","台中市","芝麻","142.04","142.04","577.66","82.051"
"2018","台南市","芝麻","1469.29","1469.29","1019.09","1497.336"
"2018","高雄市","芝麻","1.14","1.14","764.91","0.872"
"2018","宜蘭縣","芝麻","0.12","0.12","500","0.06"
"2018","新竹縣","芝麻","0.3","0.3","600","0.18"
"2018","苗栗縣","芝麻","121.43","79.61","537.11","42.759"
"2018","彰化縣","芝麻","66.87","66.87","549.74","36.761"
"2018","南投縣","芝麻","0.1","0.1","560","0.056"
"2018","雲林縣","芝麻","34.27","34.27","502.13","17.208"
"2018","嘉義縣","芝麻","96.33","96.33","511.22","49.246"
"2018","屏東縣","芝麻","182.58","182.58","839.84","153.338"
"2018","台東縣","芝麻","0","0","0","0"
"2018","花蓮縣","芝麻","3.16","3.16","600","1.896"
"2018","澎湖縣","芝麻","0","0","0","0"
"2018","基隆市","芝麻","0","0","0","0"
"2018","新竹市","芝麻","0","0","0","0"
"2018","嘉義市","芝麻","0","0","0","0"
"2018","金門縣","芝麻","0","0","0","0"
"2018","連江縣","芝麻","0","0","0","0"
"2018","新北市","香花作物","0.03","0.03","2666.67","0.08"
"2018","台北市","香花作物","0","0","0","0"
"2018","桃園市","香花作物","0.26","0.26","3000","0.78"
"2018","台中市","香花作物","0","0","0","0"
"2018","台南市","香花作物","0.25","0.25","452","0.113"
"2018","高雄市","香花作物","1.07","0.07","1428.57","0.1"
"2018","宜蘭縣","香花作物","0","0","0","0"
"2018","新竹縣","香花作物","0","0","0","0"
"2018","苗栗縣","香花作物","57.53","57.53","1373.14","78.997"
"2018","彰化縣","香花作物","28.18","28.18","2483.29","69.979"
"2018","南投縣","香花作物","0","0","0","0"
"2018","雲林縣","香花作物","2.43","0","0","0"
"2018","嘉義縣","香花作物","0","0","0","0"
"2018","屏東縣","香花作物","13.54","13.54","2034.12","27.542"
"2018","台東縣","香花作物","12.95","12.65","590.67","7.472"
"2018","花蓮縣","香花作物","0.95","0.95","500","0.475"
"2018","澎湖縣","香花作物","0","0","0","0"
"2018","基隆市","香花作物","0","0","0","0"
"2018","新竹市","香花作物","0","0","0","0"
"2018","嘉義市","香花作物","0","0","0","0"
"2018","金門縣","香花作物","0","0","0","0"
"2018","連江縣","香花作物","0","0","0","0"
"2018","新北市","山藥","43.8","43.8","15074.54","660.265"
"2018","台北市","山藥","18.08","18.08","15487.28","280.01"
"2018","桃園市","山藥","0.37","0.37","16513.51","6.11"
"2018","台中市","山藥","6.3","6.3","12197.94","76.847"
"2018","台南市","山藥","0.83","0.83","26530.12","22.02"
"2018","高雄市","山藥","6.33","6.33","14828.91","93.867"
"2018","宜蘭縣","山藥","12.66","12.66","18184.28","230.213"
"2018","新竹縣","山藥","4.37","4.37","10287.19","44.955"
"2018","苗栗縣","山藥","0.86","0.86","12330.23","10.604"
"2018","彰化縣","山藥","134.28","134.28","29979.67","4025.67"
"2018","南投縣","山藥","224.98","224.98","41577.24","9354.048"
"2018","雲林縣","山藥","16.75","16.75","21166.39","354.537"
"2018","嘉義縣","山藥","8.3","8.3","16411.57","136.216"
"2018","屏東縣","山藥","17.62","17.62","14069.64","247.907"
"2018","台東縣","山藥","0.14","0.14","5550","0.777"
"2018","花蓮縣","山藥","5.83","5.83","24288.16","141.6"
"2018","澎湖縣","山藥","0","0","0","0"
"2018","基隆市","山藥","1.19","1.19","16920.17","20.135"
"2018","新竹市","山藥","0","0","0","0"
"2018","嘉義市","山藥","1.2","1.2","18000","21.6"
"2018","金門縣","山藥","0.24","0.24","5812.5","1.395"
"2018","連江縣","山藥","0","0","0","0"
"2018","新北市","其他特用作物","155.8","132.09","IF(E574=0,0,G574/E574*1000)","251.192"
"2018","台北市","其他特用作物","3.05","3.05","IF(E575=0,0,G575/E575*1000)","7.26100000000002"
"2018","桃園市","其他特用作物","151.41","136.49","IF(E576=0,0,G576/E576*1000)","161.297"
"2018","台中市","其他特用作物","221.65","221.25","IF(E577=0,0,G577/E577*1000)","881.65"
"2018","台南市","其他特用作物","338.41","336.37","IF(E578=0,0,G578/E578*1000)","977.512"
"2018","高雄市","其他特用作物","752.93","752.83","IF(E579=0,0,G579/E579*1000)","3159.465"
"2018","宜蘭縣","其他特用作物","51.94","48.02","IF(E580=0,0,G580/E580*1000)","117.971"
"2018","新竹縣","其他特用作物","166.11","156.25","IF(E581=0,0,G581/E581*1000)","518.338"
"2018","苗栗縣","其他特用作物","241.03","241.03","IF(E582=0,0,G582/E582*1000)","548.283"
"2018","彰化縣","其他特用作物","254.46","254.46","IF(E583=0,0,G583/E583*1000)","1102.101"
"2018","南投縣","其他特用作物","783.75","781.65","IF(E584=0,0,G584/E584*1000)","2459.692"
"2018","雲林縣","其他特用作物","258.11","255.01","IF(E585=0,0,G585/E585*1000)","1292.475"
"2018","嘉義縣","其他特用作物","854.23","849.27","IF(E586=0,0,G586/E586*1000)","1680.995"
"2018","屏東縣","其他特用作物","435.91","431.71","IF(E587=0,0,G587/E587*1000)","1342.881"
"2018","台東縣","其他特用作物","1727.06","1714.44","IF(E588=0,0,G588/E588*1000)","6664.756"
"2018","花蓮縣","其他特用作物","661.33","545.66","IF(E589=0,0,G589/E589*1000)","1527.005"
"2018","澎湖縣","其他特用作物","12.61","12.61","IF(E590=0,0,G590/E590*1000)","22.612"
"2018","基隆市","其他特用作物","0.02","0.02","IF(E591=0,0,G591/E591*1000)","0.0229999999999997"
"2018","新竹市","其他特用作物","0.57","0.06","IF(E592=0,0,G592/E592*1000)","0.63"
"2018","嘉義市","其他特用作物","2.28","2.28","IF(E593=0,0,G593/E593*1000)","11.059"
"2018","金門縣","其他特用作物","0.33","0.33","IF(E594=0,0,G594/E594*1000)","0.374"
"2018","連江縣","其他特用作物","0","0","0","0"
"2017","新北市","茶葉","750.79","662.76","2369.63003198745","392.624"
"2017","台北市","茶葉","68","68","2598.82352941176","44.18"
"2017","桃園市","茶葉","552.03","528.71","3593.73569631745","475.011"
"2017","台中市","茶葉","466.3","466.3","2080.32597040532","242.514"
"2017","台南市","茶葉","0.2","0.2","4000","0.2"
"2017","高雄市","茶葉","153.57","153.57","4157.71309500553","159.625"
"2017","宜蘭縣","茶葉","163.37","149.97","2937.20077348803","110.123"
"2017","新竹縣","茶葉","385.37","385.37","4399.91696291875","423.899"
"2017","苗栗縣","茶葉","285.77","285.77","5348.70700213458","382.125"
"2017","彰化縣","茶葉","2.62","2.62","4821.37404580153","3.158"
"2017","南投縣","茶葉","6237.52","6058.5","5685.66212758934","8611.646"
"2017","雲林縣","茶葉","377.02","377.02","3794.90743196647","357.689"
"2017","嘉義縣","茶葉","1825.71","1825.71","4211.43993295759","1922.217"
"2017","屏東縣","茶葉","155.28","99.03","3571.07947086741","88.411"
"2017","台東縣","茶葉","199.71","198.71","2571.14387801318","127.728"
"2017","花蓮縣","茶葉","140.42","136.42","2960.09382788447","100.954"
"2017","澎湖縣","茶葉","0","0","0","0"
"2017","基隆市","茶葉","0.02","0.02","2400","0.012"
"2017","新竹市","茶葉","1","1","4360","1.09"
"2017","嘉義市","茶葉","0","0","0","0"
"2017","金門縣","茶葉","0","0","0","0"
"2017","連江縣","茶葉","0","0","0","0"
"2017","新北市","菸草","-","-","-","-"
"2017","台北市","菸草","-","-","-","-"
"2017","桃園市","菸草","-","-","-","-"
"2017","台中市","菸草","12","12","2104","26"
"2017","台南市","菸草","3","3","2044","5"
"2017","高雄市","菸草","136","136","2053","278"
"2017","宜蘭縣","菸草","-","-","-","-"
"2017","新竹縣","菸草","-","-","-","-"
"2017","苗栗縣","菸草","-","-","-","-"
"2017","彰化縣","菸草","30","30","2187","65"
"2017","南投縣","菸草","143","143","2294","329"
"2017","雲林縣","菸草","56","56","2081","117"
"2017","嘉義縣","菸草","130","130","2099","273"
"2017","屏東縣","菸草","81","81","2145","174"
"2017","台東縣","菸草","1","1","2518","3"
"2017","花蓮縣","菸草","31","31","2010","62"
"2017","澎湖縣","菸草","-","-","-","-"
"2017","基隆市","菸草","-","-","-","-"
"2017","新竹市","菸草","-","-","-","-"
"2017","嘉義市","菸草","1","1","1374","1"
"2017","金門縣","菸草","-","-","-","-"
"2017","連江縣","菸草","-","-","-","-"
"2017","新北市","製糖甘蔗-白糖","-","-","-","-"
"2017","台北市","製糖甘蔗-白糖","-","-","-","-"
"2017","桃園市","製糖甘蔗-白糖","-","-","-","-"
"2017","台中市","製糖甘蔗-白糖","-","-","-","-"
"2017","台南市","製糖甘蔗-白糖","1545","1545","58663","90650"
"2017","高雄市","製糖甘蔗-白糖","68","68","57151","3863"
"2017","宜蘭縣","製糖甘蔗-白糖","-","-","-","-"
"2017","新竹縣","製糖甘蔗-白糖","-","-","-","-"
"2017","苗栗縣","製糖甘蔗-白糖","-","-","-","-"
"2017","彰化縣","製糖甘蔗-白糖","942","934","62836","58678"
"2017","南投縣","製糖甘蔗-白糖","-","-","-","-"
"2017","雲林縣","製糖甘蔗-白糖","2868","2868","60510","173547"
"2017","嘉義縣","製糖甘蔗-白糖","2172","2172","59131","128405"
"2017","屏東縣","製糖甘蔗-白糖","-","-","-","-"
"2017","台東縣","製糖甘蔗-白糖","-","-","-","-"
"2017","花蓮縣","製糖甘蔗-白糖","-","-","-","-"
"2017","澎湖縣","製糖甘蔗-白糖","-","-","-","-"
"2017","基隆市","製糖甘蔗-白糖","-","-","-","-"
"2017","新竹市","製糖甘蔗-白糖","-","-","-","-"
"2017","嘉義市","製糖甘蔗-白糖","-","-","-","-"
"2017","金門縣","製糖甘蔗-白糖","-","-","-","-"
"2017","連江縣","製糖甘蔗-白糖","-","-","-","-"
"2017","新北市","樹薯","7.4","6.24","11156.73","69.618"
"2017","台北市","樹薯","0","0","0","0"
"2017","桃園市","樹薯","1.65","1.63","14539.88","23.7"
"2017","台中市","樹薯","0.11","0.11","13500","1.485"
"2017","台南市","樹薯","3.65","3.65","16857.53","61.53"
"2017","高雄市","樹薯","9.15","9.13","13708.11","125.155"
"2017","宜蘭縣","樹薯","0.62","0.62","14795.16","9.173"
"2017","新竹縣","樹薯","0.16","0.16","5750","0.92"
"2017","苗栗縣","樹薯","5.87","5.87","14390.8","84.474"
"2017","彰化縣","樹薯","0","0","0","0"
"2017","南投縣","樹薯","1.64","1.64","11719.51","19.22"
"2017","雲林縣","樹薯","0","0","0","0"
"2017","嘉義縣","樹薯","5.53","5.53","15000","82.95"
"2017","屏東縣","樹薯","1.01","1.01","14100","14.241"
"2017","台東縣","樹薯","2.43","2.43","14153.09","34.392"
"2017","花蓮縣","樹薯","2.54","2.54","14858.27","37.74"
"2017","澎湖縣","樹薯","0","0","0","0"
"2017","基隆市","樹薯","0","0","0","0"
"2017","新竹市","樹薯","0","0","0","0"
"2017","嘉義市","樹薯","0.05","0.05","13000","0.65"
"2017","金門縣","樹薯","0","0","0","0"
"2017","連江縣","樹薯","0","0","0","0"
"2017","新北市","食用甘蔗","1.77","1.41","17269.5","24.35"
"2017","台北市","食用甘蔗","0","0","0","0"
"2017","桃園市","食用甘蔗","0.36","0.36","14666.67","5.28"
"2017","台中市","食用甘蔗","3.38","3.28","36820.12","120.77"
"2017","台南市","食用甘蔗","115.51","115.51","65283.86","7540.939"
"2017","高雄市","食用甘蔗","25.8","25.5","67508.27","1721.461"
"2017","宜蘭縣","食用甘蔗","6.92","6.92","16387.72","113.403"
"2017","新竹縣","食用甘蔗","6.14","6.14","29519.54","181.25"
"2017","苗栗縣","食用甘蔗","4.95","4.95","37426.46","185.261"
"2017","彰化縣","食用甘蔗","86.28","86.28","76271.88","6580.738"
"2017","南投縣","食用甘蔗","96.27","78.08","95811.99","7481"
"2017","雲林縣","食用甘蔗","96.71","96.71","93117.41","9005.385"
"2017","嘉義縣","食用甘蔗","166.57","165.07","57050.48","9417.322"
"2017","屏東縣","食用甘蔗","40.22","40.22","62872.13","2528.717"
"2017","台東縣","食用甘蔗","18.16","18.16","76409.97","1387.605"
"2017","花蓮縣","食用甘蔗","6","5.99","30078.46","180.17"
"2017","澎湖縣","食用甘蔗","0","0","0","0"
"2017","基隆市","食用甘蔗","0","0","0","0"
"2017","新竹市","食用甘蔗","0","0","0","0"
"2017","嘉義市","食用甘蔗","1.76","1.76","49602.27","87.3"
"2017","金門縣","食用甘蔗","0.04","0.02","16000","0.32"
"2017","連江縣","食用甘蔗","0","0","0","0"
"2017","新北市","芝麻","0","0","0","0"
"2017","台北市","芝麻","0","0","0","0"
"2017","桃園市","芝麻","2.35","2.35","900","2.115"
"2017","台中市","芝麻","152.13","152.13","587.39","89.36"
"2017","台南市","芝麻","2845.11","2845.11","1071.83","3049.466"
"2017","高雄市","芝麻","0.77","0.77","811.69","0.625"
"2017","宜蘭縣","芝麻","0.15","0.15","1000","0.15"
"2017","新竹縣","芝麻","3.29","3.29","600","1.974"
"2017","苗栗縣","芝麻","51.08","51.08","637.45","32.561"
"2017","彰化縣","芝麻","194.76","194.76","507.26","98.793"
"2017","南投縣","芝麻","2.17","2.17","723.5","1.57"
"2017","雲林縣","芝麻","49.08","47.98","511.92","24.562"
"2017","嘉義縣","芝麻","102.92","102.92","518.63","53.377"
"2017","屏東縣","芝麻","85.93","85.93","687.73","59.097"
"2017","台東縣","芝麻","0.1","0.1","590","0.059"
"2017","花蓮縣","芝麻","2.65","2.65","590.57","1.565"
"2017","澎湖縣","芝麻","0","0","0","0"
"2017","基隆市","芝麻","0","0","0","0"
"2017","新竹市","芝麻","0","0","0","0"
"2017","嘉義市","芝麻","0","0","0","0"
"2017","金門縣","芝麻","0","0","0","0"
"2017","連江縣","芝麻","0","0","0","0"
"2017","新北市","香花作物","0.03","0.03","2666.67","0.08"
"2017","台北市","香花作物","0","0","0","0"
"2017","桃園市","香花作物","0.26","0.26","3000","0.78"
"2017","台中市","香花作物","0","0","0","0"
"2017","台南市","香花作物","0.25","0.25","452","0.113"
"2017","高雄市","香花作物","0.06","0.06","1800","0.108"
"2017","宜蘭縣","香花作物","0","0","0","0"
"2017","新竹縣","香花作物","0","0","0","0"
"2017","苗栗縣","香花作物","40.69","40.69","1362.28","55.431"
"2017","彰化縣","香花作物","29.13","29.13","2456.71","71.564"
"2017","南投縣","香花作物","0","0","0","0"
"2017","雲林縣","香花作物","0","0","0","0"
"2017","嘉義縣","香花作物","0","0","0","0"
"2017","屏東縣","香花作物","12.04","12.04","2146.26","25.841"
"2017","台東縣","香花作物","5.79","5.79","560.62","3.246"
"2017","花蓮縣","香花作物","1.05","1.05","500","0.525"
"2017","澎湖縣","香花作物","0","0","0","0"
"2017","基隆市","香花作物","0","0","0","0"
"2017","新竹市","香花作物","0","0","0","0"
"2017","嘉義市","香花作物","0","0","0","0"
"2017","金門縣","香花作物","0","0","0","0"
"2017","連江縣","香花作物","0","0","0","0"
"2017","新北市","山藥","42.85","42.85","14066.98","602.77"
"2017","台北市","山藥","20.03","20.03","15294.21","306.343"
"2017","桃園市","山藥","0.23","0.23","17000","3.91"
"2017","台中市","山藥","5.25","5.25","13195.05","69.274"
"2017","台南市","山藥","0.98","0.98","29051.02","28.47"
"2017","高雄市","山藥","8.58","8.58","16282.17","139.701"
"2017","宜蘭縣","山藥","10.59","10.59","17849.2","189.023"
"2017","新竹縣","山藥","4.1","4.1","10487.8","43"
"2017","苗栗縣","山藥","0.87","0.87","12850.57","11.18"
"2017","彰化縣","山藥","134.8","134.8","29650.67","3996.91"
"2017","南投縣","山藥","220.56","220.56","38848.61","8568.45"
"2017","雲林縣","山藥","9.91","9.91","19724.52","195.47"
"2017","嘉義縣","山藥","9.22","9.22","16382.65","151.048"
"2017","屏東縣","山藥","11.28","11.28","15384.31","173.535"
"2017","台東縣","山藥","1.14","1.14","12072.81","13.763"
"2017","花蓮縣","山藥","6.88","6.88","25743.46","177.115"
"2017","澎湖縣","山藥","0","0","0","0"
"2017","基隆市","山藥","1.2","1.2","15000","18"
"2017","新竹市","山藥","0","0","0","0"
"2017","嘉義市","山藥","1.45","1.45","15000","21.75"
"2017","金門縣","山藥","0.24","0.24","5100","1.224"
"2017","連江縣","山藥","0","0","0","0"
"2017","新北市","其他特用作物","156.58","131.27","IF(E772=0,0,G772/E772*1000)","233.356"
"2017","台北市","其他特用作物","3.33","3.33","IF(E773=0,0,G773/E773*1000)","8.40199999999999"
"2017","桃園市","其他特用作物","146.39","140.99","IF(E774=0,0,G774/E774*1000)","119.519"
"2017","台中市","其他特用作物","226.26","225.73","IF(E775=0,0,G775/E775*1000)","953.532"
"2017","台南市","其他特用作物","371.72","369.28","IF(E776=0,0,G776/E776*1000)","1001.212"
"2017","高雄市","其他特用作物","770.12","769.92","IF(E777=0,0,G777/E777*1000)","3417.127"
"2017","宜蘭縣","其他特用作物","50.92","50.7","IF(E778=0,0,G778/E778*1000)","123.997"
"2017","新竹縣","其他特用作物","166.82","162.07","IF(E779=0,0,G779/E779*1000)","573.771"
"2017","苗栗縣","其他特用作物","264.16","257.93","IF(E780=0,0,G780/E780*1000)","534.198"
"2017","彰化縣","其他特用作物","271.33","271.18","IF(E781=0,0,G781/E781*1000)","1148.962"
"2017","南投縣","其他特用作物","718.28","708.83","IF(E782=0,0,G782/E782*1000)","1955.484"
"2017","雲林縣","其他特用作物","258.35","257.05","IF(E783=0,0,G783/E783*1000)","1128.164"
"2017","嘉義縣","其他特用作物","876.48","874.28","IF(E784=0,0,G784/E784*1000)","2085.156"
"2017","屏東縣","其他特用作物","444.14","442.65","IF(E785=0,0,G785/E785*1000)","1423.159"
"2017","台東縣","其他特用作物","1539.65","1536.61","IF(E786=0,0,G786/E786*1000)","5828.967"
"2017","花蓮縣","其他特用作物","627.45","540.05","IF(E787=0,0,G787/E787*1000)","1412.064"
"2017","澎湖縣","其他特用作物","11.06","10.66","IF(E788=0,0,G788/E788*1000)","18.963"
"2017","基隆市","其他特用作物","0.02","0.02","IF(E789=0,0,G789/E789*1000)","0.0229999999999997"
"2017","新竹市","其他特用作物","0.83","0.32","IF(E790=0,0,G790/E790*1000)","2.9"
"2017","嘉義市","其他特用作物","2.75","2.75","IF(E791=0,0,G791/E791*1000)","6.352"
"2017","金門縣","其他特用作物","0.33","0.33","IF(E792=0,0,G792/E792*1000)","0.379"
"2017","連江縣","其他特用作物","0","0","0","0"
"2016","新北市","茶葉","758.87","671.36","2395.73403241182","402.1"
"2016","台北市","茶葉","68","68","2600","44.2"
"2016","桃園市","茶葉","551.81","539.84","3728.6158861885","503.214"
"2016","台中市","茶葉","451.73","451.73","2280.30903415757","257.521"
"2016","台南市","茶葉","0.2","0.2","4000","0.2"
"2016","高雄市","茶葉","153.46","153.46","3610.5825622312","138.52"
"2016","宜蘭縣","茶葉","164.25","163.35","2644.11386593205","107.979"
"2016","新竹縣","茶葉","380.38","377.38","4282.5798929461","404.04"
"2016","苗栗縣","茶葉","279.85","279.85","4937.94532785421","345.471"
"2016","彰化縣","茶葉","3.62","3.59","4463.50974930362","4.006"
"2016","南投縣","茶葉","6428.24","6327.74","5245.84764860756","8298.59"
"2016","雲林縣","茶葉","379.02","379.02","3796.15851406258","359.705"
"2016","嘉義縣","茶葉","1825.71","1825.71","4168.29616970932","1902.525"
"2016","屏東縣","茶葉","10.07","10.07","3327.11022840119","8.376"
"2016","台東縣","茶葉","212.57","212.57","2531.5331420238","134.532"
"2016","花蓮縣","茶葉","144.61","140.61","2998.30737500889","105.398"
"2016","澎湖縣","茶葉","0","0","0","0"
"2016","基隆市","茶葉","0.02","0.02","3000","0.015"
"2016","新竹市","茶葉","1.4","1.4","4428.57142857143","1.55"
"2016","嘉義市","茶葉","0","0","0","0"
"2016","金門縣","茶葉","0","0","0","0"
"2016","連江縣","茶葉","0","0","0","0"
"2016","新北市","菸草","0","0","0","0"
"2016","台北市","菸草","0","0","0","0"
"2016","桃園市","菸草","0","0","0","0"
"2016","台中市","菸草","12","12","2496","31"
"2016","台南市","菸草","3","3","2351","8"
"2016","高雄市","菸草","141","141","2112","298"
"2016","宜蘭縣","菸草","0","0","0","0"
"2016","新竹縣","菸草","0","0","0","0"
"2016","苗栗縣","菸草","0","0","0","0"
"2016","彰化縣","菸草","30","30","2320","70"
"2016","南投縣","菸草","145","145","2306","333"
"2016","雲林縣","菸草","57","57","2253","128"
"2016","嘉義縣","菸草","129","129","2202","284"
"2016","屏東縣","菸草","81","81","1934","156"
"2016","台東縣","菸草","1","1","1616","2"
"2016","花蓮縣","菸草","31","31","1904","58"
"2016","澎湖縣","菸草","0","0","0","0"
"2016","基隆市","菸草","0","0","0","0"
"2016","新竹市","菸草","0","0","0","0"
"2016","嘉義市","菸草","2","2","2166","3"
"2016","金門縣","菸草","0","0","0","0"
"2016","連江縣","菸草","0","0","0","0"
"2016","新北市","甘蔗原料","0","0","0","0"
"2016","台北市","甘蔗原料","0","0","0","0"
"2016","桃園市","甘蔗原料","0","0","0","0"
"2016","台中市","甘蔗原料","0","0","0","0"
"2016","台南市","甘蔗原料","2008","1927","67930","130895"
"2016","高雄市","甘蔗原料","70","70","81756","5742"
"2016","宜蘭縣","甘蔗原料","0","0","0","0"
"2016","新竹縣","甘蔗原料","0","0","0","0"
"2016","苗栗縣","甘蔗原料","0","0","0","0"
"2016","彰化縣","甘蔗原料","1059","1052","63508","66834"
"2016","南投縣","甘蔗原料","-","-","-","-"
"2016","雲林縣","甘蔗原料","2959","2956","53898","159342"
"2016","嘉義縣","甘蔗原料","2942","2939","55810","164031"
"2016","屏東縣","甘蔗原料","0","0","0","0"
"2016","台東縣","甘蔗原料","0","0","0","0"
"2016","花蓮縣","甘蔗原料","0","0","0","0"
"2016","澎湖縣","甘蔗原料","0","0","0","0"
"2016","基隆市","甘蔗原料","0","0","0","0"
"2016","新竹市","甘蔗原料","0","0","0","0"
"2016","嘉義市","甘蔗原料","0","0","0","0"
"2016","金門縣","甘蔗原料","0","0","0","0"
"2016","連江縣","甘蔗原料","0","0","0","0"
"2016","新北市","樹薯","8.25","5.19","11164.16","57.942"
"2016","台北市","樹薯","0","0","0","0"
"2016","桃園市","樹薯","0.67","0.67","11647.76","7.804"
"2016","台中市","樹薯","0.11","0.11","13300","1.463"
"2016","台南市","樹薯","4.22","4.22","17191.94","72.55"
"2016","高雄市","樹薯","10.67","10.62","11916.48","126.553"
"2016","宜蘭縣","樹薯","0.54","0.54","13729.63","7.414"
"2016","新竹縣","樹薯","0.06","0.06","7000","0.42"
"2016","苗栗縣","樹薯","4.91","4.91","15020.77","73.752"
"2016","彰化縣","樹薯","0","0","0","0"
"2016","南投縣","樹薯","0.98","0.98","10163.27","9.96"
"2016","雲林縣","樹薯","0","0","0","0"
"2016","嘉義縣","樹薯","6.43","6.43","15293.93","98.34"
"2016","屏東縣","樹薯","0.99","0.99","10380.81","10.277"
"2016","台東縣","樹薯","2.34","2.34","14210.26","33.252"
"2016","花蓮縣","樹薯","1.51","1.51","14503.31","21.9"
"2016","澎湖縣","樹薯","0","0","0","0"
"2016","基隆市","樹薯","0","0","0","0"
"2016","新竹市","樹薯","0","0","0","0"
"2016","嘉義市","樹薯","0.2","0.2","15000","3"
"2016","金門縣","樹薯","0","0","0","0"
"2016","連江縣","樹薯","0","0","0","0"
"2016","新北市","食用甘蔗","1.62","1.62","16800","27.216"
"2016","台北市","食用甘蔗","0","0","0","0"
"2016","桃園市","食用甘蔗","0.46","0.46","18108.7","8.33"
"2016","台中市","食用甘蔗","4.36","4.36","37647.48","164.143"
"2016","台南市","食用甘蔗","130.58","130.58","60595.8","7912.599"
"2016","高雄市","食用甘蔗","37.62","37.62","55506.96","2088.172"
"2016","宜蘭縣","食用甘蔗","7.63","7.63","16609.96","126.734"
"2016","新竹縣","食用甘蔗","2.63","2.63","25342.21","66.65"
"2016","苗栗縣","食用甘蔗","4.69","4.69","35766.74","167.746"
"2016","彰化縣","食用甘蔗","45.59","45.09","79104.64","3566.828"
"2016","南投縣","食用甘蔗","92.56","62.28","95600.75","5954.015"
"2016","雲林縣","食用甘蔗","158.31","158.31","91960.29","14558.234"
"2016","嘉義縣","食用甘蔗","173.76","173.76","46260.6","8038.241"
"2016","屏東縣","食用甘蔗","40.72","40.42","55303.86","2235.382"
"2016","台東縣","食用甘蔗","16.32","16.32","76745.22","1252.482"
"2016","花蓮縣","食用甘蔗","7.43","7.23","31533.47","227.987"
"2016","澎湖縣","食用甘蔗","0","0","0","0"
"2016","基隆市","食用甘蔗","0","0","0","0"
"2016","新竹市","食用甘蔗","0","0","0","0"
"2016","嘉義市","食用甘蔗","4.19","4.19","49284.01","206.5"
"2016","金門縣","食用甘蔗","0.04","0.04","16000","0.64"
"2016","連江縣","食用甘蔗","0","0","0","0"
"2016","新北市","芝麻","0","0","0","0"
"2016","台北市","芝麻","0","0","0","0"
"2016","桃園市","芝麻","0","0","0","0"
"2016","台中市","芝麻","126.33","126.33","539.1","68.105"
"2016","台南市","芝麻","2120.01","1708.64","739.61","1263.729"
"2016","高雄市","芝麻","2.58","2.58","793.41","2.047"
"2016","宜蘭縣","芝麻","0","0","0","0"
"2016","新竹縣","芝麻","1.4","1.4","700","0.98"
"2016","苗栗縣","芝麻","12.93","12.93","643.31","8.318"
"2016","彰化縣","芝麻","98.06","98.06","350.68","34.388"
"2016","南投縣","芝麻","3","3","566.67","1.7"
"2016","雲林縣","芝麻","46.97","46.97","597.83","28.08"
"2016","嘉義縣","芝麻","40.99","40.99","448.84","18.398"
"2016","屏東縣","芝麻","55.94","55.94","783.2","43.812"
"2016","台東縣","芝麻","0.2","0.2","595","0.119"
"2016","花蓮縣","芝麻","0","0","0","0"
"2016","澎湖縣","芝麻","0","0","0","0"
"2016","基隆市","芝麻","0","0","0","0"
"2016","新竹市","芝麻","0","0","0","0"
"2016","嘉義市","芝麻","0","0","0","0"
"2016","金門縣","芝麻","0","0","0","0"
"2016","連江縣","芝麻","0","0","0","0"
"2016","新北市","香花作物","0.03","0.03","2500","0.075"
"2016","台北市","香花作物","0","0","0","0"
"2016","桃園市","香花作物","0","0","0","0"
"2016","台中市","香花作物","0","0","0","0"
"2016","台南市","香花作物","0.25","0","0","0"
"2016","高雄市","香花作物","0.06","0.06","1183.33","0.071"
"2016","宜蘭縣","香花作物","0","0","0","0"
"2016","新竹縣","香花作物","0.13","0.13","500","0.065"
"2016","苗栗縣","香花作物","44.14","44.14","930.06","41.053"
"2016","彰化縣","香花作物","29.33","29.33","2482.44","72.81"
"2016","南投縣","香花作物","0","0","0","0"
"2016","雲林縣","香花作物","0","0","0","0"
"2016","嘉義縣","香花作物","0","0","0","0"
"2016","屏東縣","香花作物","13.74","13.74","1750.66","24.054"
"2016","台東縣","香花作物","6.94","6.94","509.37","3.535"
"2016","花蓮縣","香花作物","0.55","0.55","450.91","0.248"
"2016","澎湖縣","香花作物","0","0","0","0"
"2016","基隆市","香花作物","0","0","0","0"
"2016","新竹市","香花作物","0","0","0","0"
"2016","嘉義市","香花作物","0","0","0","0"
"2016","金門縣","香花作物","0","0","0","0"
"2016","連江縣","香花作物","0","0","0","0"
"2016","新北市","山藥","44.11","44.11","14382.34","634.405"
"2016","台北市","山藥","20.03","20.03","17266.1","345.84"
"2016","桃園市","山藥","0.95","0.95","13178.95","12.52"
"2016","台中市","山藥","2.87","2.87","14277","40.975"
"2016","台南市","山藥","0.98","0.98","29198.98","28.615"
"2016","高雄市","山藥","7.26","7.26","10075.9","73.151"
"2016","宜蘭縣","山藥","11.12","11.12","18857.01","209.69"
"2016","新竹縣","山藥","1.86","1.86","8860.75","16.481"
"2016","苗栗縣","山藥","1.06","1.06","11306.6","11.985"
"2016","彰化縣","山藥","122.96","122.96","12890.05","1584.96"
"2016","南投縣","山藥","200.78","200.78","35567.71","7141.285"
"2016","雲林縣","山藥","10.01","10.01","19231.77","192.51"
"2016","嘉義縣","山藥","9.33","9.33","18959.38","176.891"
"2016","屏東縣","山藥","10.11","10.11","15261.72","154.296"
"2016","台東縣","山藥","3.05","3.05","12031.15","36.695"
"2016","花蓮縣","山藥","11.13","11.13","23562.62","262.252"
"2016","澎湖縣","山藥","0.21","0.21","18100","3.801"
"2016","基隆市","山藥","1.13","1.13","14699.12","16.61"
"2016","新竹市","山藥","0","0","0","0"
"2016","嘉義市","山藥","1.2","1.2","12500","15"
"2016","金門縣","山藥","0.24","0.24","5708.33","1.37"
"2016","連江縣","山藥","0","0","0","0"
"2016","新北市","其他特用作物","154.73","129.07","IF(E970=0,0,G970/E970*1000)","209.808"
"2016","台北市","其他特用作物","3.32","3.32","IF(E971=0,0,G971/E971*1000)","8.30200000000002"
"2016","桃園市","其他特用作物","136.09","132.37","IF(E972=0,0,G972/E972*1000)","117.62"
"2016","台中市","其他特用作物","223.43","221.23","IF(E973=0,0,G973/E973*1000)","886.206"
"2016","台南市","其他特用作物","382.69","381.71","IF(E974=0,0,G974/E974*1000)","1152.109"
"2016","高雄市","其他特用作物","774.05","773.95","IF(E975=0,0,G975/E975*1000)","2796.92"
"2016","宜蘭縣","其他特用作物","46.61","46.19","IF(E976=0,0,G976/E976*1000)","79.594"
"2016","新竹縣","其他特用作物","141.98","140.18","IF(E977=0,0,G977/E977*1000)","531.996"
"2016","苗栗縣","其他特用作物","211.52","206.74","IF(E978=0,0,G978/E978*1000)","385.557"
"2016","彰化縣","其他特用作物","305.89","305.44","IF(E979=0,0,G979/E979*1000)","1447.933"
"2016","南投縣","其他特用作物","684.84","682.54","IF(E980=0,0,G980/E980*1000)","1857.703"
"2016","雲林縣","其他特用作物","304.38","303.73","IF(E981=0,0,G981/E981*1000)","1479.244"
"2016","嘉義縣","其他特用作物","938.14","937.64","IF(E982=0,0,G982/E982*1000)","2291.264"
"2016","屏東縣","其他特用作物","476.03","476","IF(E983=0,0,G983/E983*1000)","1308.2"
"2016","台東縣","其他特用作物","1575.57","1571.17","IF(E984=0,0,G984/E984*1000)","3887.078"
"2016","花蓮縣","其他特用作物","579.58","556.64","IF(E985=0,0,G985/E985*1000)","1456.262"
"2016","澎湖縣","其他特用作物","9.95","9.34","IF(E986=0,0,G986/E986*1000)","13.015"
"2016","基隆市","其他特用作物","0","0","IF(E987=0,0,G987/E987*1000)","0"
"2016","新竹市","其他特用作物","0.26","0.26","IF(E988=0,0,G988/E988*1000)","2.73"
"2016","嘉義市","其他特用作物","1.6","1.6","IF(E989=0,0,G989/E989*1000)","3.74"
"2016","金門縣","其他特用作物","0.58","0.58","IF(E990=0,0,G990/E990*1000)","0.782"
"2016","連江縣","其他特用作物","0","0","0","0"
"2015","新北市","茶葉","754.87","671.21","2463.25889066015","413.341"
"2015","台北市","茶葉","104","104","2780.76923076923","72.3"
"2015","桃園市","茶葉","558.11","540.37","3212.25086514795","433.951"
"2015","台中市","茶葉","418.63","418.63","2600.24365191219","272.135"
"2015","台南市","茶葉","0.2","0.2","4000","0.2"
"2015","高雄市","茶葉","164.82","164.82","3812.5470209926","157.096"
"2015","宜蘭縣","茶葉","136.54","132.49","2225.01320854404","73.698"
"2015","新竹縣","茶葉","351.82","351.82","4223.96680120516","371.519"
"2015","苗栗縣","茶葉","273.24","273.24","4865.42233933538","332.357"
"2015","彰化縣","茶葉","3.27","3.27","4523.54740061162","3.698"
"2015","南投縣","茶葉","6445.13","6392.43","5986.95769840264","9567.802"
"2015","雲林縣","茶葉","379.55","379.55","3800.00526939797","360.573"
"2015","嘉義縣","茶葉","1821.66","1821.66","4564.32923816739","2078.664"
"2015","屏東縣","茶葉","8.94","8.94","3617.44966442953","8.085"
"2015","台東縣","茶葉","213.14","213.14","2825.41052829126","150.552"
"2015","花蓮縣","茶葉","145.01","142.51","3008.12574556172","107.172"
"2015","澎湖縣","茶葉","0","0","0","0"
"2015","基隆市","茶葉","0.02","0.02","3000","0.015"
"2015","新竹市","茶葉","1.4","1.4","4448.57142857143","1.557"
"2015","嘉義市","茶葉","0","0","0","0"
"2015","金門縣","茶葉","0","0","0","0"
"2015","連江縣","茶葉","0","0","0","0"
"2015","新北市","菸草","-","-","-","-"
"2015","台北市","菸草","-","-","-","-"
"2015","桃園市","菸草","-","-","-","-"
"2015","台中市","菸草","13","13","2499","32"
"2015","台南市","菸草","3","3","2502","8"
"2015","高雄市","菸草","152","152","2503","379"
"2015","宜蘭縣","菸草","-","-","-","-"
"2015","新竹縣","菸草","-","-","-","-"
"2015","苗栗縣","菸草","-","-","-","-"
"2015","彰化縣","菸草","31","31","2506","79"
"2015","南投縣","菸草","146","146","2505","365"
"2015","雲林縣","菸草","58","58","2509","146"
"2015","嘉義縣","菸草","130","130","2504","325"
"2015","屏東縣","菸草","74","74","2501","184"
"2015","台東縣","菸草","1","1","2457","3"
"2015","花蓮縣","菸草","31","31","2501","78"
"2015","澎湖縣","菸草","-","-","-","-"
"2015","基隆市","菸草","-","-","-","-"
"2015","新竹市","菸草","-","-","-","-"
"2015","嘉義市","菸草","2","2","2492","4"
"2015","金門縣","菸草","0","0","0","0"
"2015","連江縣","菸草","0","0","0","0"
"2015","新北市","製糖甘蔗-白糖","-","-","-","-"
"2015","台北市","製糖甘蔗-白糖","-","-","-","-"
"2015","桃園市","製糖甘蔗-白糖","-","-","-","-"
"2015","台中市","製糖甘蔗-白糖","-","-","-","-"
"2015","台南市","製糖甘蔗-白糖","1977","1916","75961","145539"
"2015","高雄市","製糖甘蔗-白糖","71","71","97779","6913"
"2015","宜蘭縣","製糖甘蔗-白糖","-","-","-","-"
"2015","新竹縣","製糖甘蔗-白糖","-","-","-","-"
"2015","苗栗縣","製糖甘蔗-白糖","-","-","-","-"
"2015","彰化縣","製糖甘蔗-白糖","1047","1047","72341","75764"
"2015","南投縣","製糖甘蔗-白糖","-","-","-","-"
"2015","雲林縣","製糖甘蔗-白糖","3028","2999","71569","214629"
"2015","嘉義縣","製糖甘蔗-白糖","2775","2731","64221","175419"
"2015","屏東縣","製糖甘蔗-白糖","-","-","-","-"
"2015","台東縣","製糖甘蔗-白糖","-","-","-","-"
"2015","花蓮縣","製糖甘蔗-白糖","-","-","-","-"
"2015","澎湖縣","製糖甘蔗-白糖","-","-","-","-"
"2015","基隆市","製糖甘蔗-白糖","-","-","-","-"
"2015","新竹市","製糖甘蔗-白糖","-","-","-","-"
"2015","嘉義市","製糖甘蔗-白糖","-","-","-","-"
"2015","金門縣","製糖甘蔗-白糖","0","0","0","0"
"2015","連江縣","製糖甘蔗-白糖","0","0","0","0"
"2015","新北市","樹薯","6.26","4.74","11255.49","53.351"
"2015","台北市","樹薯","0","0","0","0"
"2015","桃園市","樹薯","0.72","0.71","15887.32","11.28"
"2015","台中市","樹薯","0.14","0.14","11264.29","1.577"
"2015","台南市","樹薯","2.59","2.59","17942.08","46.47"
"2015","高雄市","樹薯","9.21","9.21","11806.95","108.742"
"2015","宜蘭縣","樹薯","0.08","0.08","17062.5","1.365"
"2015","新竹縣","樹薯","0.06","0.06","7000","0.42"
"2015","苗栗縣","樹薯","4.49","4.49","16514.48","74.15"
"2015","彰化縣","樹薯","0","0","0","0"
"2015","南投縣","樹薯","0.4","0.4","10000","4"
"2015","雲林縣","樹薯","0.5","0.5","17000","8.5"
"2015","嘉義縣","樹薯","6.13","6.13","14517.13","88.99"
"2015","屏東縣","樹薯","1.29","1.29","13471.32","17.378"
"2015","台東縣","樹薯","2.34","2.34","15316.67","35.841"
"2015","花蓮縣","樹薯","4.81","4.81","15124.74","72.75"
"2015","澎湖縣","樹薯","0","0","0","0"
"2015","基隆市","樹薯","0","0","0","0"
"2015","新竹市","樹薯","0","0","0","0"
"2015","嘉義市","樹薯","0","0","0","0"
"2015","金門縣","樹薯","0","0","0","0"
"2015","連江縣","樹薯","0","0","0","0"
"2015","新北市","食用甘蔗","2.04","2","16398","32.796"
"2015","台北市","食用甘蔗","0","0","0","0"
"2015","桃園市","食用甘蔗","0.3","0.3","18850","5.655"
"2015","台中市","食用甘蔗","4.07","4.07","38139.56","155.228"
"2015","台南市","食用甘蔗","118.32","114.82","63572.72","7299.42"
"2015","高雄市","食用甘蔗","32.77","32.77","57414.04","1881.458"
"2015","宜蘭縣","食用甘蔗","6.4","6.4","14711.72","94.155"
"2015","新竹縣","食用甘蔗","8.82","8.82","30451.25","268.58"
"2015","苗栗縣","食用甘蔗","4.87","4.87","37981.52","184.97"
"2015","彰化縣","食用甘蔗","50.68","50.68","81380.03","4124.34"
"2015","南投縣","食用甘蔗","90.61","70.26","98186.66","6898.595"
"2015","雲林縣","食用甘蔗","128.87","128.87","92221.7","11884.611"
"2015","嘉義縣","食用甘蔗","194.87","193.37","43508.07","8413.155"
"2015","屏東縣","食用甘蔗","53.57","51.21","57002.87","2919.117"
"2015","台東縣","食用甘蔗","22.96","22.96","91504.36","2100.94"
"2015","花蓮縣","食用甘蔗","7.54","6.54","30500.61","199.474"
"2015","澎湖縣","食用甘蔗","0","0","0","0"
"2015","基隆市","食用甘蔗","0","0","0","0"
"2015","新竹市","食用甘蔗","0","0","0","0"
"2015","嘉義市","食用甘蔗","3.7","3.7","50000","185"
"2015","金門縣","食用甘蔗","0","0","0","0"
"2015","連江縣","食用甘蔗","0","0","0","0"
"2015","新北市","芝麻","0","0","0","0"
"2015","台北市","芝麻","0","0","0","0"
"2015","桃園市","芝麻","0.9","0.9","700","0.63"
"2015","台中市","芝麻","143.92","143.92","480.38","69.137"
"2015","台南市","芝麻","1988.06","1988.06","902.5","1794.232"
"2015","高雄市","芝麻","1.94","1.94","1029.9","1.998"
"2015","宜蘭縣","芝麻","0.41","0","0","0"
"2015","新竹縣","芝麻","1.9","1.9","700","1.33"
"2015","苗栗縣","芝麻","8.8","8.8","879.09","7.736"
"2015","彰化縣","芝麻","67.61","67.61","356.41","24.097"
"2015","南投縣","芝麻","2.4","2.4","566.67","1.36"
"2015","雲林縣","芝麻","31.76","31.76","561.65","17.838"
"2015","嘉義縣","芝麻","45.93","45.93","476.29","21.876"
"2015","屏東縣","芝麻","17.95","17.95","802.56","14.406"
"2015","台東縣","芝麻","0","0","0","0"
"2015","花蓮縣","芝麻","0","0","0","0"
"2015","澎湖縣","芝麻","0","0","0","0"
"2015","基隆市","芝麻","0","0","0","0"
"2015","新竹市","芝麻","0","0","0","0"
"2015","嘉義市","芝麻","0","0","0","0"
"2015","金門縣","芝麻","0","0","0","0"
"2015","連江縣","芝麻","0","0","0","0"
"2015","新北市","香花作物","0.03","0.03","2500","0.075"
"2015","台北市","香花作物","0","0","0","0"
"2015","桃園市","香花作物","0","0","0","0"
"2015","台中市","香花作物","0","0","0","0"
"2015","台南市","香花作物","0","0","0","0"
"2015","高雄市","香花作物","0","0","0","0"
"2015","宜蘭縣","香花作物","0","0","0","0"
"2015","新竹縣","香花作物","0","0","0","0"
"2015","苗栗縣","香花作物","31.35","31.35","1002.74","31.436"
"2015","彰化縣","香花作物","29.53","29.53","2485.2","73.388"
"2015","南投縣","香花作物","0","0","0","0"
"2015","雲林縣","香花作物","0","0","0","0"
"2015","嘉義縣","香花作物","0.2","0.2","2450","0.49"
"2015","屏東縣","香花作物","16.82","16.61","2038.65","33.862"
"2015","台東縣","香花作物","11.16","11.16","560.84","6.259"
"2015","花蓮縣","香花作物","0.3","0.3","450","0.135"
"2015","澎湖縣","香花作物","0","0","0","0"
"2015","基隆市","香花作物","0","0","0","0"
"2015","新竹市","香花作物","0","0","0","0"
"2015","嘉義市","香花作物","0","0","0","0"
"2015","金門縣","香花作物","0","0","0","0"
"2015","連江縣","香花作物","0","0","0","0"
"2015","新北市","山藥","40.83","40.83","14360.13","586.324"
"2015","台北市","山藥","20.13","20.13","18961.75","381.7"
"2015","桃園市","山藥","0.07","0.07","17142.86","1.2"
"2015","台中市","山藥","1.67","1.67","16005.39","26.729"
"2015","台南市","山藥","0.16","0.16","30250","4.84"
"2015","高雄市","山藥","2.21","2.21","12221.72","27.01"
"2015","宜蘭縣","山藥","10.02","10.02","18377.05","184.138"
"2015","新竹縣","山藥","1.72","1.72","7944.77","13.665"
"2015","苗栗縣","山藥","0.92","0.92","18880.43","17.37"
"2015","彰化縣","山藥","137.25","137.25","12765.97","1752.13"
"2015","南投縣","山藥","222.72","222.72","37355.67","8319.855"
"2015","雲林縣","山藥","9.41","9.41","20433.05","192.275"
"2015","嘉義縣","山藥","9.81","9.81","16402.96","160.913"
"2015","屏東縣","山藥","14.77","14.77","18591","274.589"
"2015","台東縣","山藥","3.05","3.05","14032.79","42.8"
"2015","花蓮縣","山藥","9.24","9.24","23696.75","218.958"
"2015","澎湖縣","山藥","0.2","0.2","18000","3.6"
"2015","基隆市","山藥","1","1","13960","13.96"
"2015","新竹市","山藥","0","0","0","0"
"2015","嘉義市","山藥","1.2","1.2","12500","15"
"2015","金門縣","山藥","0","0","0","0"
"2015","連江縣","山藥","0","0","0","0"
"2015","新北市","其他特用作物","281.9","253.12","1462.18789506953","370.109"
"2015","台北市","其他特用作物","1.94","1.94","3724.22680412372","7.22500000000002"
"2015","桃園市","其他特用作物","124.52","122.97","1162.82020004879","142.992"
"2015","台中市","其他特用作物","217.41","213.45","4098.94120402905","874.919"
"2015","台南市","其他特用作物","368.97","369.77","3077.09927792952","1137.819"
"2015","高雄市","其他特用作物","654.53","654.53","4529.52653048753","2964.711"
"2015","宜蘭縣","其他特用作物","43.16","41.03","1603.82646843773","65.805"
"2015","新竹縣","其他特用作物","137.71","137.71","4455.82746351028","613.612"
"2015","苗栗縣","其他特用作物","145.81","145.59","1912.98852943197","278.512"
"2015","彰化縣","其他特用作物","297.45","297.35","5165.07819068438","1535.836"
"2015","南投縣","其他特用作物","682.68","680.28","3076.48615276063","2092.872"
"2015","雲林縣","其他特用作物","265.35","265.17","4820.52268356149","1278.258"
"2015","嘉義縣","其他特用作物","928.26","926.66","2310.80223598731","2141.328"
"2015","屏東縣","其他特用作物","478.09","474.44","3523.34331000759","1671.615"
"2015","台東縣","其他特用作物","2227.77","2223.52","4553.25654817587","10124.257"
"2015","花蓮縣","其他特用作物","624.18","611.79","2987.44667287795","1827.69"
"2015","澎湖縣","其他特用作物","4.21","4.2","2807.85714285714","11.793"
"2015","基隆市","其他特用作物","0.01","0.01","999.999999999978","0.00999999999999979"
"2015","新竹市","其他特用作物","0.25","0.25","10500","2.625"
"2015","嘉義市","其他特用作物","0.96","0.96","1297.91666666667","1.246"
"2015","金門縣","其他特用作物","0","0","0","0"
"2015","連江縣","其他特用作物","0","0","0","0"
"2014","新北市","茶葉","756","685","2408","413"
"2014","台北市","茶葉","131","131","2545","83"
"2014","台中市","茶葉","425","425","3200","340"
"2014","台南市","茶葉","0","0","4000","0"
"2014","高雄市","茶葉","165","165","4311","178"
"2014","宜蘭縣","茶葉","143","140","2921","102"
"2014","桃園縣","茶葉","565","559","3477","486"
"2014","新竹縣","茶葉","361","361","4222","381"
"2014","苗栗縣","茶葉","281","281","4905","344"
"2014","彰化縣","茶葉","2","2","4608","3"
"2014","南投縣","茶葉","6510","6475","6256","10127"
"2014","雲林縣","茶葉","387","387","3848","372"
"2014","嘉義縣","茶葉","1819","1819","4645","2112"
"2014","屏東縣","茶葉","6","6","3764","6"
"2014","台東縣","茶葉","213","211","2807","148"
"2014","花蓮縣","茶葉","139","136","3025","103"
"2014","澎湖縣","茶葉","-","-","-","-"
"2014","基隆市","茶葉","0","0","2800","0"
"2014","新竹市","茶葉","1","1","4166","1"
"2014","嘉義市","茶葉","-","-","-","-"
"2014","金門縣","茶葉","-","-","-","-"
"2014","連江縣","茶葉","-","-","-","-"
"2014","新北市","菸草","-","-","-","-"
"2014","台北市","菸草","-","-","-","-"
"2014","台中市","菸草","13","13","2492","32"
"2014","台南市","菸草","5","5","2499","12"
"2014","高雄市","菸草","157","157","2496","391"
"2014","宜蘭縣","菸草","-","-","-","-"
"2014","桃園縣","菸草","-","-","-","-"
"2014","新竹縣","菸草","-","-","-","-"
"2014","苗栗縣","菸草","-","-","-","-"
"2014","彰化縣","菸草","32","32","2495","80"
"2014","南投縣","菸草","151","151","2495","376"
"2014","雲林縣","菸草","60","60","2498","150"
"2014","嘉義縣","菸草","132","132","2494","329"
"2014","屏東縣","菸草","76","76","2504","190"
"2014","台東縣","菸草","1","1","2499","3"
"2014","花蓮縣","菸草","32","32","2495","80"
"2014","澎湖縣","菸草","-","-","-","-"
"2014","基隆市","菸草","-","-","-","-"
"2014","新竹市","菸草","-","-","-","-"
"2014","嘉義市","菸草","2","2","2498","6"
"2014","金門縣","菸草","-","-","-","-"
"2014","連江縣","菸草","-","-","-","-"
"2014","新北市","製糖甘蔗-白糖","-","-","-","-"
"2014","台北市","製糖甘蔗-白糖","-","-","-","-"
"2014","台中市","製糖甘蔗-白糖","-","-","-","-"
"2014","台南市","製糖甘蔗-白糖","1709","1466","68567","100516"
"2014","高雄市","製糖甘蔗-白糖","40","34","98921","3395"
"2014","宜蘭縣","製糖甘蔗-白糖","-","-","-","-"
"2014","桃園縣","製糖甘蔗-白糖","-","-","-","-"
"2014","新竹縣","製糖甘蔗-白糖","-","-","-","-"
"2014","苗栗縣","製糖甘蔗-白糖","-","-","-","-"
"2014","彰化縣","製糖甘蔗-白糖","1068","957","72752","69622"
"2014","南投縣","製糖甘蔗-白糖","-","-","-","-"
"2014","雲林縣","製糖甘蔗-白糖","2888","2463","74187","182745"
"2014","嘉義縣","製糖甘蔗-白糖","2930","2522","58066","146428"
"2014","屏東縣","製糖甘蔗-白糖","-","-","-","-"
"2014","台東縣","製糖甘蔗-白糖","-","-","-","-"
"2014","花蓮縣","製糖甘蔗-白糖","-","-","-","-"
"2014","澎湖縣","製糖甘蔗-白糖","-","-","-","-"
"2014","基隆市","製糖甘蔗-白糖","-","-","-","-"
"2014","新竹市","製糖甘蔗-白糖","-","-","-","-"
"2014","嘉義市","製糖甘蔗-白糖","-","-","-","-"
"2014","金門縣","製糖甘蔗-白糖","-","-","-","-"
"2014","連江縣","製糖甘蔗-白糖","-","-","-","-"
"2014","新北市","樹薯","3","2","11224","24"
"2014","台北市","樹薯","-","-","-","-"
"2014","台中市","樹薯","0","0","10962","3"
"2014","台南市","樹薯","2","2","18324","38"
"2014","高雄市","樹薯","8","8","13803","117"
"2014","宜蘭縣","樹薯","-","-","-","-"
"2014","桃園縣","樹薯","1","1","15887","11"
"2014","新竹縣","樹薯","0","0","7000","0"
"2014","苗栗縣","樹薯","7","7","15208","104"
"2014","彰化縣","樹薯","-","-","-","-"
"2014","南投縣","樹薯","1","1","10083","6"
"2014","雲林縣","樹薯","2","2","22000","44"
"2014","嘉義縣","樹薯","7","7","14815","96"
"2014","屏東縣","樹薯","2","2","13862","26"
"2014","台東縣","樹薯","2","2","15292","35"
"2014","花蓮縣","樹薯","1","1","16000","13"
"2014","澎湖縣","樹薯","-","-","-","-"
"2014","基隆市","樹薯","-","-","-","-"
"2014","新竹市","樹薯","-","-","-","-"
"2014","嘉義市","樹薯","-","-","-","-"
"2014","金門縣","樹薯","-","-","-","-"
"2014","連江縣","樹薯","-","-","-","-"
"2014","新北市","食用甘蔗","2","2","15700","33"
"2014","台北市","食用甘蔗","-","-","-","-"
"2014","台中市","食用甘蔗","8","8","38964","297"
"2014","台南市","食用甘蔗","54","53","71403","3793"
"2014","高雄市","食用甘蔗","36","29","66943","1923"
"2014","宜蘭縣","食用甘蔗","6","6","22868","145"
"2014","桃園縣","食用甘蔗","0","0","15500","4"
"2014","新竹縣","食用甘蔗","3","3","20045","66"
"2014","苗栗縣","食用甘蔗","5","5","39620","207"
"2014","彰化縣","食用甘蔗","44","42","87536","3694"
"2014","南投縣","食用甘蔗","117","83","99448","8297"
"2014","雲林縣","食用甘蔗","132","132","96497","12704"
"2014","嘉義縣","食用甘蔗","67","67","56527","3805"
"2014","屏東縣","食用甘蔗","35","33","60261","1968"
"2014","台東縣","食用甘蔗","26","26","87164","2269"
"2014","花蓮縣","食用甘蔗","3","3","31308","106"
"2014","澎湖縣","食用甘蔗","-","-","-","-"
"2014","基隆市","食用甘蔗","-","-","-","-"
"2014","新竹市","食用甘蔗","-","-","-","-"
"2014","嘉義市","食用甘蔗","3","3","60500","151"
"2014","金門縣","食用甘蔗","-","-","-","-"
"2014","連江縣","食用甘蔗","-","-","-","-"
"2014","新北市","芝麻","-","-","-","-"
"2014","台北市","芝麻","-","-","-","-"
"2014","台中市","芝麻","130","130","624","81"
"2014","台南市","芝麻","1908","1908","1092","2083"
"2014","高雄市","芝麻","1","1","1000","1"
"2014","宜蘭縣","芝麻","0","0","1000","0"
"2014","桃園縣","芝麻","-","-","-","-"
"2014","新竹縣","芝麻","1","1","700","0"
"2014","苗栗縣","芝麻","4","4","484","2"
"2014","彰化縣","芝麻","49","49","437","21"
"2014","南投縣","芝麻","1","1","733","1"
"2014","雲林縣","芝麻","11","11","677","8"
"2014","嘉義縣","芝麻","17","17","526","9"
"2014","屏東縣","芝麻","4","4","700","3"
"2014","台東縣","芝麻","-","-","-","-"
"2014","花蓮縣","芝麻","-","-","-","-"
"2014","澎湖縣","芝麻","-","-","-","-"
"2014","基隆市","芝麻","-","-","-","-"
"2014","新竹市","芝麻","-","-","-","-"
"2014","嘉義市","芝麻","-","-","-","-"
"2014","金門縣","芝麻","-","-","-","-"
"2014","連江縣","芝麻","-","-","-","-"
"2014","新北市","香花作物","0","0","2500","0"
"2014","台北市","香花作物","-","-","-","-"
"2014","台中市","香花作物","-","-","-","-"
"2014","台南市","香花作物","-","-","-","-"
"2014","高雄市","香花作物","-","-","-","-"
"2014","宜蘭縣","香花作物","-","-","-","-"
"2014","桃園縣","香花作物","-","-","-","-"
"2014","新竹縣","香花作物","0","0","2500","0"
"2014","苗栗縣","香花作物","26","26","1300","34"
"2014","彰化縣","香花作物","30","30","2873","86"
"2014","南投縣","香花作物","-","-","-","-"
"2014","雲林縣","香花作物","-","-","-","-"
"2014","嘉義縣","香花作物","0","0","2750","1"
"2014","屏東縣","香花作物","17","17","2180","36"
"2014","台東縣","香花作物","23","23","582","13"
"2014","花蓮縣","香花作物","2","1","500","1"
"2014","澎湖縣","香花作物","-","-","-","-"
"2014","基隆市","香花作物","-","-","-","-"
"2014","新竹市","香花作物","-","-","-","-"
"2014","嘉義市","香花作物","-","-","-","-"
"2014","金門縣","香花作物","-","-","-","-"
"2014","連江縣","香花作物","-","-","-","-"
"2014","新北市","山藥","46","46","14603","672"
"2014","台北市","山藥","23","23","22556","508"
"2014","台中市","山藥","1","1","16284","20"
"2014","台南市","山藥","0","0","30000","3"
"2014","高雄市","山藥","2","2","13430","27"
"2014","宜蘭縣","山藥","12","12","21249","249"
"2014","桃園縣","山藥","-","-","-","-"
"2014","新竹縣","山藥","2","2","10480","16"
"2014","苗栗縣","山藥","0","0","25000","8"
"2014","彰化縣","山藥","121","121","15288","1847"
"2014","南投縣","山藥","227","227","37649","8531"
"2014","雲林縣","山藥","8","8","20610","166"
"2014","嘉義縣","山藥","9","9","19145","170"
"2014","屏東縣","山藥","15","15","18754","276"
"2014","台東縣","山藥","0","0","14000","6"
"2014","花蓮縣","山藥","11","11","23539","251"
"2014","澎湖縣","山藥","0","0","18100","4"
"2014","基隆市","山藥","1","1","14588","17"
"2014","新竹市","山藥","-","-","-","-"
"2014","嘉義市","山藥","1","1","25000","30"
"2014","金門縣","山藥","0","0","25232","5"
"2014","連江縣","山藥","-","-","-","-"
"2014","新北市","其他特用作物","295","268","1161","311"
"2014","台北市","其他特用作物","2","2","3747","8"
"2014","台中市","其他特用作物","140","130","2319","301"
"2014","台南市","其他特用作物","355","354","2796","991"
"2014","高雄市","其他特用作物","618","610","4928","3005"
"2014","宜蘭縣","其他特用作物","18","15","1293","19"
"2014","桃園縣","其他特用作物","112","108","1979","214"
"2014","新竹縣","其他特用作物","94","94","4249","400"
"2014","苗栗縣","其他特用作物","142","142","2045","290"
"2014","彰化縣","其他特用作物","241","240","5781","1386"
"2014","南投縣","其他特用作物","680","678","3422","2320"
"2014","雲林縣","其他特用作物","187","186","4877","908"
"2014","嘉義縣","其他特用作物","895","894","2534","2264"
"2014","屏東縣","其他特用作物","495","493","3554","1751"
"2014","台東縣","其他特用作物","2259","2241","4716","10570"
"2014","花蓮縣","其他特用作物","610","601","2963","1780"
"2014","澎湖縣","其他特用作物","4","4","4000","15"
"2014","基隆市","其他特用作物","-","-","-","-"
"2014","新竹市","其他特用作物","-","-","-","-"
"2014","嘉義市","其他特用作物","0","0","120","0"
"2014","金門縣","其他特用作物","-","-","-","-"
"2014","連江縣","其他特用作物","-","-","-","-"
"2013","新北市","茶葉","754.44","685.17","1939.87477560314","332.286"
"2013","台北市","茶葉","131.8","131.8","2545.3717754173","83.87"
"2013","台中市","茶葉","411.15","411.15","3039.58166119421","312.431"
"2013","台南市","茶葉","0.2","0.2","4400","0.22"
"2013","高雄市","茶葉","160.68","160.68","4320.78665670899","173.566"
"2013","宜蘭縣","茶葉","141.61","139.41","2962.31260311312","103.244"
"2013","桃園縣","茶葉","553.44","552.43","2947.59517042883","407.085"
"2013","新竹縣","茶葉","373.15","373.15","4184.50489079459","390.362"
"2013","苗栗縣","茶葉","283.02","283.02","5012.88954844181","354.687"
"2013","彰化縣","茶葉","2.12","2.07","4711.11111111111","2.438"
"2013","南投縣","茶葉","6557.2","6551","6326.90520531217","10361.889"
"2013","雲林縣","茶葉","377.03","377.03","3834.84603347214","361.463"
"2013","嘉義縣","茶葉","1818.76","1818.76","3510.90853108711","1596.375"
"2013","屏東縣","茶葉","6.08","6.08","3659.86842105263","5.563"
"2013","台東縣","茶葉","193.07","191.82","2712.20936294443","130.064"
"2013","花蓮縣","茶葉","137.4","132.95","3021.13576532531","100.415"
"2013","澎湖縣","茶葉","0","0","0","0"
"2013","基隆市","茶葉","0.02","0.02","2600","0.013"
"2013","新竹市","茶葉","1.6","1.6","4287.5","1.715"
"2013","嘉義市","茶葉","0","0","0","0"
"2013","金門縣","茶葉","0","0","0","0"
"2013","連江縣","茶葉","0","0","0","0"
"2013","新北市","菸草","0","0","0","0"
"2013","台北市","菸草","0","0","0","0"
"2013","台中市","菸草","13","13","2500","33"
"2013","台南市","菸草","6","6","2495","14"
"2013","高雄市","菸草","170","170","2496","425"
"2013","宜蘭縣","菸草","0","0","0","0"
"2013","桃園縣","菸草","0","0","0","0"
"2013","新竹縣","菸草","0","0","0","0"
"2013","苗栗縣","菸草","0","0","0","0"
"2013","彰化縣","菸草","33","33","2495","83"
"2013","南投縣","菸草","155","155","2499","387"
"2013","雲林縣","菸草","62","62","2499","156"
"2013","嘉義縣","菸草","135","135","2499","337"
"2013","屏東縣","菸草","69","69","2499","173"
"2013","台東縣","菸草","1","1","2479","3"
"2013","花蓮縣","菸草","33","33","2494","82"
"2013","澎湖縣","菸草","0","0","0","0"
"2013","基隆市","菸草","0","0","0","0"
"2013","新竹市","菸草","0","0","0","0"
"2013","嘉義市","菸草","2","2","2512","5"
"2013","金門縣","菸草","0","0","0","0"
"2013","連江縣","菸草","0","0","0","0"
"2013","新北市","製糖甘蔗-白糖","0","0","0","0"
"2013","台北市","製糖甘蔗-白糖","0","0","0","0"
"2013","台中市","製糖甘蔗-白糖","0","0","0","0"
"2013","台南市","製糖甘蔗-白糖","1662","1647","59186","97468"
"2013","高雄市","製糖甘蔗-白糖","33","33","88592","2964"
"2013","宜蘭縣","製糖甘蔗-白糖","0","0","0","0"
"2013","桃園縣","製糖甘蔗-白糖","0","0","0","0"
"2013","新竹縣","製糖甘蔗-白糖","0","0","0","0"
"2013","苗栗縣","製糖甘蔗-白糖","0","0","0","0"
"2013","彰化縣","製糖甘蔗-白糖","1075","1075","60986","65590"
"2013","南投縣","製糖甘蔗-白糖","0","0","0","0"
"2013","雲林縣","製糖甘蔗-白糖","2581","2576","64181","165353"
"2013","嘉義縣","製糖甘蔗-白糖","2757","2753","63266","174150"
"2013","屏東縣","製糖甘蔗-白糖","0","0","0","0"
"2013","台東縣","製糖甘蔗-白糖","0","0","0","0"
"2013","花蓮縣","製糖甘蔗-白糖","0","0","0","0"
"2013","澎湖縣","製糖甘蔗-白糖","0","0","0","0"
"2013","基隆市","製糖甘蔗-白糖","0","0","0","0"
"2013","新竹市","製糖甘蔗-白糖","0","0","0","0"
"2013","嘉義市","製糖甘蔗-白糖","0","0","0","0"
"2013","金門縣","製糖甘蔗-白糖","0","I858+L858","0","J858+M858"
"2013","連江縣","製糖甘蔗-白糖","0","I859+L859","0","J859+M859"
"2013","新北市","樹薯","1.66","1.66","11521.08","19.125"
"2013","台北市","樹薯","0","0","0","0"
"2013","台中市","樹薯","0.46","0.46","10295.65","4.736"
"2013","台南市","樹薯","1.93","1.93","18272.02","35.265"
"2013","高雄市","樹薯","8.77","8.77","13695.78","120.112"
"2013","宜蘭縣","樹薯","0.1","0.1","13000","1.3"
"2013","桃園縣","樹薯","0.73","0.73","16356.16","11.94"
"2013","新竹縣","樹薯","0","0","0","0"
"2013","苗栗縣","樹薯","8.28","8.28","16035.63","132.775"
"2013","彰化縣","樹薯","0","0","0","0"
"2013","南投縣","樹薯","0.8","0.8","9625","7.7"
"2013","雲林縣","樹薯","6.5","6.5","12300","79.95"
"2013","嘉義縣","樹薯","4.7","4.7","15106.38","71"
"2013","屏東縣","樹薯","4.95","4.95","13070.71","64.7"
"2013","台東縣","樹薯","1.13","1.13","15253.1","17.236"
"2013","花蓮縣","樹薯","1.1","1.1","16000","17.6"
"2013","澎湖縣","樹薯","0","0","0","0"
"2013","基隆市","樹薯","0","0","0","0"
"2013","新竹市","樹薯","0","0","0","0"
"2013","嘉義市","樹薯","0","0","0","0"
"2013","金門縣","樹薯","0","0","0","0"
"2013","連江縣","樹薯","0","0","0","0"
"2013","新北市","食用甘蔗","1.91","1.81","17055.8","30.871"
"2013","台北市","食用甘蔗","0","0","0","0"
"2013","台中市","食用甘蔗","5.79","5.79","38943.01","225.48"
"2013","台南市","食用甘蔗","28.27","26.61","65884.07","1753.175"
"2013","高雄市","食用甘蔗","19.09","18.09","63213.93","1143.54"
"2013","宜蘭縣","食用甘蔗","6.71","6.71","26845.01","180.13"
"2013","桃園縣","食用甘蔗","0.18","0.18","12333.33","2.22"
"2013","新竹縣","食用甘蔗","3.38","3.38","18831.95","63.652"
"2013","苗栗縣","食用甘蔗","4.32","4.32","43326.39","187.17"
"2013","彰化縣","食用甘蔗","50.8","47.9","88422.05","4235.416"
"2013","南投縣","食用甘蔗","73.02","35.57","98533.88","3504.85"
"2013","雲林縣","食用甘蔗","119.77","119.77","88423.77","10590.515"
"2013","嘉義縣","食用甘蔗","39.95","39.95","51422.35","2054.323"
"2013","屏東縣","食用甘蔗","27.36","27.36","55202.96","1510.353"
"2013","台東縣","食用甘蔗","24.17","24.17","97719.49","2361.88"
"2013","花蓮縣","食用甘蔗","3.76","3.76","31156.91","117.15"
"2013","澎湖縣","食用甘蔗","0","0","0","0"
"2013","基隆市","食用甘蔗","0","0","0","0"
"2013","新竹市","食用甘蔗","0","0","0","0"
"2013","嘉義市","食用甘蔗","2.5","2.5","60500","151.25"
"2013","金門縣","食用甘蔗","0","0","0","0"
"2013","連江縣","食用甘蔗","0","0","0","0"
"2013","新北市","芝麻","0","0","0","0"
"2013","台北市","芝麻","0","0","0","0"
"2013","台中市","芝麻","111.05","111.05","635.24","70.543"
"2013","台南市","芝麻","1505.05","1505.05","855.69","1287.854"
"2013","高雄市","芝麻","1.38","1.38","876.09","1.209"
"2013","宜蘭縣","芝麻","0.18","0.18","1000","0.18"
"2013","桃園縣","芝麻","0","0","0","0"
"2013","新竹縣","芝麻","1.5","1.5","1000","1.5"
"2013","苗栗縣","芝麻","5.12","5.12","253.91","1.3"
"2013","彰化縣","芝麻","46.27","46.27","372.94","17.256"
"2013","南投縣","芝麻","2","2","510","1.02"
"2013","雲林縣","芝麻","8.83","6.78","718.44","4.871"
"2013","嘉義縣","芝麻","20.63","20.63","482.5","9.954"
"2013","屏東縣","芝麻","4.5","4.5","633.33","2.85"
"2013","台東縣","芝麻","0","0","0","0"
"2013","花蓮縣","芝麻","0","0","0","0"
"2013","澎湖縣","芝麻","0","0","0","0"
"2013","基隆市","芝麻","0","0","0","0"
"2013","新竹市","芝麻","0","0","0","0"
"2013","嘉義市","芝麻","0","0","0","0"
"2013","金門縣","芝麻","0","0","0","0"
"2013","連江縣","芝麻","0","0","0","0"
"2013","新北市","香花作物","0.23","0.23","2934.78","0.675"
"2013","台北市","香花作物","0","0","0","0"
"2013","台中市","香花作物","0","0","0","0"
"2013","台南市","香花作物","0","0","0","0"
"2013","高雄市","香花作物","0","0","0","0"
"2013","宜蘭縣","香花作物","0","0","0","0"
"2013","桃園縣","香花作物","0","0","0","0"
"2013","新竹縣","香花作物","0","0","0","0"
"2013","苗栗縣","香花作物","17.2","17.2","1199.42","20.63"
"2013","彰化縣","香花作物","29.78","29.78","2789.19","83.062"
"2013","南投縣","香花作物","0","0","0","0"
"2013","雲林縣","香花作物","0","0","0","0"
"2013","嘉義縣","香花作物","0.2","0.2","3000","0.6"
"2013","屏東縣","香花作物","14.57","14.17","1930.13","27.35"
"2013","台東縣","香花作物","9.14","9.14","500","4.57"
"2013","花蓮縣","香花作物","0.42","0.27","500","0.135"
"2013","澎湖縣","香花作物","0","0","0","0"
"2013","基隆市","香花作物","0","0","0","0"
"2013","新竹市","香花作物","0","0","0","0"
"2013","嘉義市","香花作物","0","0","0","0"
"2013","金門縣","香花作物","0","0","0","0"
"2013","連江縣","香花作物","0","0","0","0"
"2013","新北市","山藥","57.1","57.1","14150.05","807.968"
"2013","台北市","山藥","23.5","23.5","22138.3","520.25"
"2013","台中市","山藥","1.13","1.13","13849.56","15.65"
"2013","台南市","山藥","0.6","0.6","31333.33","18.8"
"2013","高雄市","山藥","1.8","1.8","14000","25.2"
"2013","宜蘭縣","山藥","9.29","9.29","22102.26","205.33"
"2013","桃園縣","山藥","0.01","0.01","10000","0.1"
"2013","新竹縣","山藥","1.39","1.39","8593.53","11.945"
"2013","苗栗縣","山藥","1.52","1.52","23789.47","36.16"
"2013","彰化縣","山藥","127.64","127.64","15402.46","1965.97"
"2013","南投縣","山藥","197.65","197.65","36469.04","7208.105"
"2013","雲林縣","山藥","6.08","6.08","20620.07","125.37"
"2013","嘉義縣","山藥","10.15","10.15","19580.3","198.74"
"2013","屏東縣","山藥","19.45","19.45","17948.69","349.102"
"2013","台東縣","山藥","0.15","0.15","16666.67","2.5"
"2013","花蓮縣","山藥","12.63","12.63","24963.9","315.294"
"2013","澎湖縣","山藥","0.23","0.23","18000","4.14"
"2013","基隆市","山藥","1.28","1.28","12757.81","16.33"
"2013","新竹市","山藥","0","0","0","0"
"2013","嘉義市","山藥","1.2","1.2","18000","21.6"
"2013","金門縣","山藥","0.21","0.21","25233.33","5.299"
"2013","連江縣","山藥","0","0","0","0"
"2013","新北市","其他特用作物","300.78","271.1","956.54","259.318"
"2013","台北市","其他特用作物","2.13","2.13","3855.87","8.213"
"2013","台中市","其他特用作物","139.67","135.45","2232.54","302.398"
"2013","台南市","其他特用作物","382.5","382.18","3099.99","1184.754"
"2013","高雄市","其他特用作物","599.77","593.67","4832.64","2868.995"
"2013","宜蘭縣","其他特用作物","19.87","18.4","1441.14","26.517"
"2013","桃園縣","其他特用作物","105.49","100.84","2484.37","250.524"
"2013","新竹縣","其他特用作物","92.29","92.29","2847.23","262.771"
"2013","苗栗縣","其他特用作物","123.9","123.9","3443.95","426.705"
"2013","彰化縣","其他特用作物","231.89","231.89","6710.98","1556.208"
"2013","南投縣","其他特用作物","640.69","639.49","3361.35","2149.551"
"2013","雲林縣","其他特用作物","207.03","206.61","4871.43","1006.486"
"2013","嘉義縣","其他特用作物","823.58","823.58","2967.5","2443.974"
"2013","屏東縣","其他特用作物","428.67","419.57","3755.56","1575.722"
"2013","台東縣","其他特用作物","2174.4","2157.15","4984.07","10751.383"
"2013","花蓮縣","其他特用作物","571.19","561.44","3362.74","1887.979"
"2013","澎湖縣","其他特用作物","8.09","8.09","4000","32.36"
"2013","基隆市","其他特用作物","0","0","0","0"
"2013","新竹市","其他特用作物","0.08","0.08","10500","0.84"
"2013","嘉義市","其他特用作物","1.7","1.7","2640","4.488"
"2013","金門縣","其他特用作物","0","0","0","0"
"2013","連江縣","其他特用作物","0","0","0","0"
"2012","新北市","茶葉","1658.4","1499.61","2157.57163529184","808.879"
"2012","台北市","茶葉","131.8","131.8","2583.42943854325","85.124"
"2012","台中市","茶葉","409.05","409.05","2999.66263292996","306.753"
"2012","台南市","茶葉","0","0","0","0"
"2012","高雄市","茶葉","121.03","121.03","4252.26803271916","128.663"
"2012","宜蘭縣","茶葉","148.78","147.98","2742.83011217732","101.471"
"2012","桃園縣","茶葉","553.56","547.33","2899.52313960499","396.749"
"2012","新竹縣","茶葉","533.18","527.18","4235.7145566979","558.246"
"2012","苗栗縣","茶葉","426.12","426.12","4853.47789355111","517.041"
"2012","彰化縣","茶葉","2.6","2.6","4553.84615384615","2.96"
"2012","南投縣","茶葉","6566.49","6565.99","5777.2570472998","9483.353"
"2012","雲林縣","茶葉","375.61","375.61","3796.41649583344","356.493"
"2012","嘉義縣","茶葉","2163.04","2163.04","3436.30446038908","1858.216"
"2012","屏東縣","茶葉","6.08","6.08","3600","5.472"
"2012","台東縣","茶葉","251.26","250.38","3034.87499001518","189.968"
"2012","花蓮縣","茶葉","137.1","132.68","3022.61079288514","100.26"
"2012","澎湖縣","茶葉","0","0","0","0"
"2012","基隆市","茶葉","0.02","0.02","2800","0.014"
"2012","新竹市","茶葉","1.9","1.9","4000","1.9"
"2012","嘉義市","茶葉","0","0","0","0"
"2012","金門縣","茶葉","0","0","0","0"
"2012","連江縣","茶葉","0","0","0","0"
"2012","新北市","菸草","0","0","0","0"
"2012","台北市","菸草","0","0","0","0"
"2012","台中市","菸草","14","14","2493","34"
"2012","台南市","菸草","6","6","2332","14"
"2012","高雄市","菸草","182","182","2223","405"
"2012","宜蘭縣","菸草","0","0","0","0"
"2012","桃園縣","菸草","0","0","0","0"
"2012","新竹縣","菸草","0","0","0","0"
"2012","苗栗縣","菸草","0","0","0","0"
"2012","彰化縣","菸草","35","35","2474","85"
"2012","南投縣","菸草","160","160","2479","396"
"2012","雲林縣","菸草","64","64","2425","156"
"2012","嘉義縣","菸草","132","132","2276","300"
"2012","屏東縣","菸草","65","65","2330","152"
"2012","台東縣","菸草","1","1","2537","3"
"2012","花蓮縣","菸草","34","34","2197","75"
"2012","澎湖縣","菸草","0","0","0","0"
"2012","基隆市","菸草","0","0","0","0"
"2012","新竹市","菸草","0","0","0","0"
"2012","嘉義市","菸草","10","10","2184","22"
"2012","金門縣","菸草","0","0","0","0"
"2012","連江縣","菸草","0","0","0","0"
"2012","新北市","製糖甘蔗-白糖","0","0","0","0"
"2012","台北市","製糖甘蔗-白糖","0","0","0","0"
"2012","台中市","製糖甘蔗-白糖","0","0","0","0"
"2012","台南市","製糖甘蔗-白糖","1822","1807","67968","122831"
"2012","高雄市","製糖甘蔗-白糖","33","33","81592","2697"
"2012","宜蘭縣","製糖甘蔗-白糖","0","0","0","0"
"2012","桃園縣","製糖甘蔗-白糖","0","0","0","0"
"2012","新竹縣","製糖甘蔗-白糖","0","0","0","0"
"2012","苗栗縣","製糖甘蔗-白糖","0","0","0","0"
"2012","彰化縣","製糖甘蔗-白糖","1099","1099","53976","59304"
"2012","南投縣","製糖甘蔗-白糖","0","0","0","0"
"2012","雲林縣","製糖甘蔗-白糖","2649","2649","68306","180925"
"2012","嘉義縣","製糖甘蔗-白糖","2724","2724","67071","182697"
"2012","屏東縣","製糖甘蔗-白糖","0","0","0","0"
"2012","台東縣","製糖甘蔗-白糖","0","0","0","0"
"2012","花蓮縣","製糖甘蔗-白糖","0","0","0","0"
"2012","澎湖縣","製糖甘蔗-白糖","0","0","0","0"
"2012","基隆市","製糖甘蔗-白糖","0","0","0","0"
"2012","新竹市","製糖甘蔗-白糖","0","0","0","0"
"2012","嘉義市","製糖甘蔗-白糖","0","0","0","0"
"2012","金門縣","製糖甘蔗-白糖","0","0","0","0"
"2012","連江縣","製糖甘蔗-白糖","0","0","0","0"
"2012","新北市","樹薯","0.7","0.7","12178.57","8.525"
"2012","台北市","樹薯","0.05","0.05","11000","0.55"
"2012","台中市","樹薯","0.66","0.66","10424.24","6.88"
"2012","台南市","樹薯","2.6","2.6","19000","49.4"
"2012","高雄市","樹薯","8.67","8.67","13324.45","115.523"
"2012","宜蘭縣","樹薯","0.4","0.4","14000","5.6"
"2012","桃園縣","樹薯","0.6","0.6","15000","9"
"2012","新竹縣","樹薯","0","0","0","0"
"2012","苗栗縣","樹薯","13.45","13.45","16247.21","218.525"
"2012","彰化縣","樹薯","0","0","0","0"
"2012","南投縣","樹薯","0.95","0.95","10105.26","9.6"
"2012","雲林縣","樹薯","9.2","9.2","12300","113.16"
"2012","嘉義縣","樹薯","2.1","2.1","15285.71","32.1"
"2012","屏東縣","樹薯","3.21","3.21","12355.45","39.661"
"2012","台東縣","樹薯","3.5","3.5","13948.57","48.82"
"2012","花蓮縣","樹薯","0.95","0.95","16000","15.2"
"2012","澎湖縣","樹薯","0","0","0","0"
"2012","基隆市","樹薯","0","0","0","0"
"2012","新竹市","樹薯","0","0","0","0"
"2012","嘉義市","樹薯","0","0","0","0"
"2012","金門縣","樹薯","0","0","0","0"
"2012","連江縣","樹薯","0","0","0","0"
"2012","新北市","食用甘蔗","1.55","1.53","17562.75","26.871"
"2012","台北市","食用甘蔗","0","0","0","0"
"2012","台中市","食用甘蔗","7.76","7.76","48341.24","375.128"
"2012","台南市","食用甘蔗","28.83","28.56","65706.16","1876.568"
"2012","高雄市","食用甘蔗","16.93","16.73","62256.6","1041.553"
"2012","宜蘭縣","食用甘蔗","1.38","1.38","25369.57","35.01"
"2012","桃園縣","食用甘蔗","0.11","0.11","9000","0.99"
"2012","新竹縣","食用甘蔗","3.4","3.4","16126.47","54.83"
"2012","苗栗縣","食用甘蔗","3.25","3.25","58786.46","191.056"
"2012","彰化縣","食用甘蔗","67.29","66.24","88544.31","5865.175"
"2012","南投縣","食用甘蔗","68.62","39.24","98341.62","3858.925"
"2012","雲林縣","食用甘蔗","113.62","112.62","91562.66","10311.787"
"2012","嘉義縣","食用甘蔗","28.96","28.96","55815.26","1616.41"
"2012","屏東縣","食用甘蔗","23.64","22.95","55444.66","1272.455"
"2012","台東縣","食用甘蔗","22.39","22.39","101097.36","2263.57"
"2012","花蓮縣","食用甘蔗","3.81","3.81","31482.94","119.95"
"2012","澎湖縣","食用甘蔗","0","0","0","0"
"2012","基隆市","食用甘蔗","0","0","0","0"
"2012","新竹市","食用甘蔗","0","0","0","0"
"2012","嘉義市","食用甘蔗","2.5","2.5","60500","151.25"
"2012","金門縣","食用甘蔗","0","0","0","0"
"2012","連江縣","食用甘蔗","0","0","0","0"
"2012","新北市","芝麻","0","0","0","0"
"2012","台北市","芝麻","0","0","0","0"
"2012","台中市","芝麻","58.4","58.4","654.16","38.203"
"2012","台南市","芝麻","709.42","709.42","778.92","552.582"
"2012","高雄市","芝麻","1.3","1.3","819.23","1.065"
"2012","宜蘭縣","芝麻","0","0","0","0"
"2012","桃園縣","芝麻","0","0","0","0"
"2012","新竹縣","芝麻","0","0","0","0"
"2012","苗栗縣","芝麻","0.06","0.06","350","0.021"
"2012","彰化縣","芝麻","45.91","45.91","410.93","18.866"
"2012","南投縣","芝麻","1.1","1.1","500","0.55"
"2012","雲林縣","芝麻","0.84","0.84","390.48","0.328"
"2012","嘉義縣","芝麻","8.42","8.42","518.53","4.366"
"2012","屏東縣","芝麻","4","4","700","2.8"
"2012","台東縣","芝麻","1.8","1.8","500","0.9"
"2012","花蓮縣","芝麻","0","0","0","0"
"2012","澎湖縣","芝麻","0","0","0","0"
"2012","基隆市","芝麻","0","0","0","0"
"2012","新竹市","芝麻","0","0","0","0"
"2012","嘉義市","芝麻","0","0","0","0"
"2012","金門縣","芝麻","0","0","0","0"
"2012","連江縣","芝麻","0","0","0","0"
"2012","新北市","香花作物","0.23","0.23","2934.78","0.675"
"2012","台北市","香花作物","0","0","0","0"
"2012","台中市","香花作物","0","0","0","0"
"2012","台南市","香花作物","0","0","0","0"
"2012","高雄市","香花作物","0","0","0","0"
"2012","宜蘭縣","香花作物","0","0","0","0"
"2012","桃園縣","香花作物","0","0","0","0"
"2012","新竹縣","香花作物","0","0","0","0"
"2012","苗栗縣","香花作物","12","12","1150","13.8"
"2012","彰化縣","香花作物","29.53","29.53","2800.27","82.692"
"2012","南投縣","香花作物","0","0","0","0"
"2012","雲林縣","香花作物","0","0","0","0"
"2012","嘉義縣","香花作物","0.2","0.2","1900","0.38"
"2012","屏東縣","香花作物","15.87","15.59","2109.43","32.886"
"2012","台東縣","香花作物","13.56","13.56","500","6.78"
"2012","花蓮縣","香花作物","0.15","0.15","500","0.075"
"2012","澎湖縣","香花作物","0","0","0","0"
"2012","基隆市","香花作物","0","0","0","0"
"2012","新竹市","香花作物","0","0","0","0"
"2012","嘉義市","香花作物","0","0","0","0"
"2012","金門縣","香花作物","0","0","0","0"
"2012","連江縣","香花作物","0","0","0","0"
"2012","新北市","山藥","54.49","54.49","14053.04","765.75"
"2012","台北市","山藥","23.5","23.5","22989.36","540.25"
"2012","台中市","山藥","0.48","0.48","14906.25","7.155"
"2012","台南市","山藥","0.6","0.6","31333.33","18.8"
"2012","高雄市","山藥","3.4","3.4","13705.88","46.6"
"2012","宜蘭縣","山藥","9.4","9.4","21776.6","204.7"
"2012","桃園縣","山藥","0.01","0.01","10000","0.1"
"2012","新竹縣","山藥","3.63","3.63","8531.68","30.97"
"2012","苗栗縣","山藥","1.84","1.84","22619.57","41.62"
"2012","彰化縣","山藥","126.38","126.38","29732.55","3757.6"
"2012","南投縣","山藥","204.3","204.3","36660.7","7489.781"
"2012","雲林縣","山藥","3.2","3.2","20643.75","66.06"
"2012","嘉義縣","山藥","12.1","12.1","23016.53","278.5"
"2012","屏東縣","山藥","21.22","21.22","18199.58","386.195"
"2012","台東縣","山藥","1.02","1.02","19725.49","20.12"
"2012","花蓮縣","山藥","9.67","9.67","26420.68","255.488"
"2012","澎湖縣","山藥","0.19","0.19","17000","3.23"
"2012","基隆市","山藥","1.03","1.03","13320.39","13.72"
"2012","新竹市","山藥","0","0","0","0"
"2012","嘉義市","山藥","1.6","1.6","21262.5","34.02"
"2012","金門縣","山藥","0","0","0","0"
"2012","連江縣","山藥","0","0","0","0"
"2012","新北市","其他特用作物","296.7","293.59","1319.78","387.474"
"2012","台北市","其他特用作物","2.13","2.13","3954.46","8.423"
"2012","台中市","其他特用作物","136.59","127.89","2675.22","342.134"
"2012","台南市","其他特用作物","384.99","382.99","3124.54","1196.667"
"2012","高雄市","其他特用作物","594.04","592.24","4694.15","2780.062"
"2012","宜蘭縣","其他特用作物","16.16","13.14","1406.01","18.475"
"2012","桃園縣","其他特用作物","119.12","111.42","4041.26","450.277"
"2012","新竹縣","其他特用作物","105","105","2773.09","291.174"
"2012","苗栗縣","其他特用作物","130.73","130.73","2966.44","387.803"
"2012","彰化縣","其他特用作物","226.91","223.21","6579.21","1468.545"
"2012","南投縣","其他特用作物","672.35","669.45","3280.26","2195.972"
"2012","雲林縣","其他特用作物","232.17","231.38","4129.65","955.519"
"2012","嘉義縣","其他特用作物","716.24","715.14","2915.18","2084.762"
"2012","屏東縣","其他特用作物","370.62","370.24","4057.73","1502.333"
"2012","台東縣","其他特用作物","2362.26","2335.9","4790.59","11190.346"
"2012","花蓮縣","其他特用作物","574.28","520.64","3419.89","1780.534"
"2012","澎湖縣","其他特用作物","8.7","8.7","4000","34.8"
"2012","基隆市","其他特用作物","0","0","0","0"
"2012","新竹市","其他特用作物","0.1","0.1","10500","1.05"
"2012","嘉義市","其他特用作物","2.1","2.1","1808.57","3.798"
"2012","金門縣","其他特用作物","0.1","0.1","550","0.055"
"2012","連江縣","其他特用作物","0","0","0","0"
"2011","新北市","茶葉","1670.19","1498.91","2025.09556944713","758.859"
"2011","台北市","茶葉","131.8","131.8","2638.05766312595","86.924"
"2011","台中市","茶葉","434.26","434.26","3184.33196702436","345.707"
"2011","台南市","茶葉","0","0","0","0"
"2011","高雄市","茶葉","121.03","121.03","4295.5300338759","129.972"
"2011","宜蘭縣","茶葉","231.92","230.02","2709.06877662812","155.785"
"2011","桃園縣","茶葉","789.96","769.65","2906.69265250439","559.284"
"2011","新竹縣","茶葉","553.43","524.13","4354.87379085341","570.63"
"2011","苗栗縣","茶葉","468","467.9","5298.40564223125","619.781"
"2011","彰化縣","茶葉","8.1","8.05","4178.88198757764","8.41"
"2011","南投縣","茶葉","6834.16","6825.96","6296.45529713037","10744.838"
"2011","雲林縣","茶葉","432.91","432.91","7141.29033748354","772.884"
"2011","嘉義縣","茶葉","2189.39","2189.39","4065.19624187559","2225.075"
"2011","屏東縣","茶葉","12.9","12.9","3134.88372093023","10.11"
"2011","台東縣","茶葉","294.37","292.49","2863.68764744094","209.4"
"2011","花蓮縣","茶葉","158.93","149.68","2941.36825227151","110.066"
"2011","澎湖縣","茶葉","0","0","0","0"
"2011","基隆市","茶葉","0","0","0","0"
"2011","新竹市","茶葉","1.9","1.9","4000","1.9"
"2011","嘉義市","茶葉","0","0","0","0"
"2011","金門縣","茶葉","0","0","0","0"
"2011","連江縣","茶葉","0","0","0","0"
"2011","新北市","菸草","0","0","0","0"
"2011","台北市","菸草","0","0","0","0"
"2011","台中市","菸草","14","14","2499","34.456"
"2011","台南市","菸草","6","6","2501","14.48"
"2011","高雄市","菸草","186","186","2433","451.334"
"2011","宜蘭縣","菸草","0","0","0","0"
"2011","桃園縣","菸草","0","0","0","0"
"2011","新竹縣","菸草","0","0","0","0"
"2011","苗栗縣","菸草","0","0","0","0"
"2011","彰化縣","菸草","35","35","2493","86.04"
"2011","南投縣","菸草","160","160","2496","399"
"2011","雲林縣","菸草","65","65","2458","159.698"
"2011","嘉義縣","菸草","139","139","2490","345.084"
"2011","屏東縣","菸草","61","61","2494","153.132"
"2011","台東縣","菸草","1","1","2537","3.4"
"2011","花蓮縣","菸草","34","34","2485","84.427"
"2011","澎湖縣","菸草","0","0","0","0"
"2011","基隆市","菸草","0","0","0","0"
"2011","新竹市","菸草","0","0","0","0"
"2011","嘉義市","菸草","2","2","2506","5.84"
"2011","金門縣","菸草","0","0","0","0"
"2011","連江縣","菸草","0","0","0","0"
"2011","新北市","製糖甘蔗-白糖","0","0","0","0"
"2011","台北市","製糖甘蔗-白糖","0","0","0","0"
"2011","台中市","製糖甘蔗-白糖","0","0","0","0"
"2011","台南市","製糖甘蔗-白糖","1818","1786.25","67641","120823.565"
"2011","高雄市","製糖甘蔗-白糖","39","39.47","75879","2994.94"
"2011","宜蘭縣","製糖甘蔗-白糖","0","0","0","0"
"2011","桃園縣","製糖甘蔗-白糖","0","0","0","0"
"2011","新竹縣","製糖甘蔗-白糖","0","0","0","0"
"2011","苗栗縣","製糖甘蔗-白糖","0","0","0","0"
"2011","彰化縣","製糖甘蔗-白糖","1101","1100.73","94696","104235.057"
"2011","南投縣","製糖甘蔗-白糖","0","0","0","0"
"2011","雲林縣","製糖甘蔗-白糖","2832","2831.85","75375","213427.385"
"2011","嘉義縣","製糖甘蔗-白糖","2969","2968.77","71569","212470.86"
"2011","屏東縣","製糖甘蔗-白糖","0","0","0","0"
"2011","台東縣","製糖甘蔗-白糖","0","0","0","0"
"2011","花蓮縣","製糖甘蔗-白糖","0","0","0","0"
"2011","澎湖縣","製糖甘蔗-白糖","0","0","0","0"
"2011","基隆市","製糖甘蔗-白糖","0","0","0","0"
"2011","新竹市","製糖甘蔗-白糖","0","0","0","0"
"2011","嘉義市","製糖甘蔗-白糖","0","0","0","0"
"2011","金門縣","製糖甘蔗-白糖","0","0","0","0"
"2011","連江縣","製糖甘蔗-白糖","0","0","0","0"
"2011","新北市","樹薯","0.73","0.73","12520.55","9.14"
"2011","台北市","樹薯","0.05","0.05","11000","0.55"
"2011","台中市","樹薯","0.65","0.65","9769.23","6.35"
"2011","台南市","樹薯","2.7","2.7","18888.89","51"
"2011","高雄市","樹薯","7.94","7.94","13537.15","107.485"
"2011","宜蘭縣","樹薯","0.4","0.4","13500","5.4"
"2011","桃園縣","樹薯","0.7","0.7","17857.14","12.5"
"2011","新竹縣","樹薯","0.02","0.02","12000","0.24"
"2011","苗栗縣","樹薯","15.67","15.67","12039.06","188.652"
"2011","彰化縣","樹薯","0","0","0","0"
"2011","南投縣","樹薯","0.57","0.57","12000","6.84"
"2011","雲林縣","樹薯","9.9","9.9","12908.38","127.793"
"2011","嘉義縣","樹薯","1.3","1.3","15000","19.5"
"2011","屏東縣","樹薯","2.69","2.69","12936.8","34.8"
"2011","台東縣","樹薯","1.04","1.04","11237.5","11.687"
"2011","花蓮縣","樹薯","1.05","1.05","16000","16.8"
"2011","澎湖縣","樹薯","0","0","0","0"
"2011","基隆市","樹薯","0","0","0","0"
"2011","新竹市","樹薯","0","0","0","0"
"2011","嘉義市","樹薯","0","0","0","0"
"2011","金門縣","樹薯","0","0","0","0"
"2011","連江縣","樹薯","0","0","0","0"
"2011","新北市","食用甘蔗","1.6","1.2","17862.5","21.435"
"2011","台北市","食用甘蔗","0","0","0","0"
"2011","台中市","食用甘蔗","7.95","7.95","47843.4","380.355"
"2011","台南市","食用甘蔗","32.3","30.48","68214.73","2079.185"
"2011","高雄市","食用甘蔗","17.5","16.85","63664.69","1072.75"
"2011","宜蘭縣","食用甘蔗","1.11","1.11","26990.99","29.96"
"2011","桃園縣","食用甘蔗","0.1","0.1","15000","1.5"
"2011","新竹縣","食用甘蔗","4.36","4.36","24639.91","107.43"
"2011","苗栗縣","食用甘蔗","3.08","3.08","47587.66","146.57"
"2011","彰化縣","食用甘蔗","60.86","60.56","88947.74","5386.675"
"2011","南投縣","食用甘蔗","68.27","44.52","98133.42","4368.9"
"2011","雲林縣","食用甘蔗","121","121","90780","10984.38"
"2011","嘉義縣","食用甘蔗","130.37","130.37","50394.62","6569.946"
"2011","屏東縣","食用甘蔗","19.13","18.78","55433.97","1041.05"
"2011","台東縣","食用甘蔗","19.16","18.96","105086.87","1992.447"
"2011","花蓮縣","食用甘蔗","4.45","4.45","31238.2","139.01"
"2011","澎湖縣","食用甘蔗","0","0","0","0"
"2011","基隆市","食用甘蔗","0","0","0","0"
"2011","新竹市","食用甘蔗","0.01","0.01","90000","0.9"
"2011","嘉義市","食用甘蔗","4.7","4.7","60657.45","285.09"
"2011","金門縣","食用甘蔗","0","0","0","0"
"2011","連江縣","食用甘蔗","0","0","0","0"
"2011","新北市","芝麻","0","0","0","0"
"2011","台北市","芝麻","0","0","0","0"
"2011","台中市","芝麻","75.08","75.08","623.99","46.849"
"2011","台南市","芝麻","1083.95","1083.95","640.71","694.5"
"2011","高雄市","芝麻","2.37","2.37","533.33","1.264"
"2011","宜蘭縣","芝麻","0","0","0","0"
"2011","桃園縣","芝麻","0","0","0","0"
"2011","新竹縣","芝麻","0","0","0","0"
"2011","苗栗縣","芝麻","0","0","0","0"
"2011","彰化縣","芝麻","45.89","45.89","401.13","18.408"
"2011","南投縣","芝麻","2.2","2.2","563.64","1.24"
"2011","雲林縣","芝麻","1.35","1.35","435.56","0.588"
"2011","嘉義縣","芝麻","11.69","11.69","471.94","5.517"
"2011","屏東縣","芝麻","2.35","2.35","600","1.41"
"2011","台東縣","芝麻","0","0","0","0"
"2011","花蓮縣","芝麻","0","0","0","0"
"2011","澎湖縣","芝麻","0","0","0","0"
"2011","基隆市","芝麻","0","0","0","0"
"2011","新竹市","芝麻","0","0","0","0"
"2011","嘉義市","芝麻","0","0","0","0"
"2011","金門縣","芝麻","0.24","0.24","420.83","0.101"
"2011","連江縣","芝麻","0","0","0","0"
"2011","新北市","香花作物","0.39","0.23","2934.78","0.675"
"2011","台北市","香花作物","0","0","0","0"
"2011","台中市","香花作物","0","0","0","0"
"2011","台南市","香花作物","0.44","0.44","1200","0.528"
"2011","高雄市","香花作物","0","0","0","0"
"2011","宜蘭縣","香花作物","0","0","0","0"
"2011","桃園縣","香花作物","0","0","0","0"
"2011","新竹縣","香花作物","0","0","0","0"
"2011","苗栗縣","香花作物","12.83","12.83","1150.04","14.755"
"2011","彰化縣","香花作物","29.76","29.76","2973.29","88.485"
"2011","南投縣","香花作物","0","0","0","0"
"2011","雲林縣","香花作物","0","0","0","0"
"2011","嘉義縣","香花作物","0.2","0.2","620","0.124"
"2011","屏東縣","香花作物","18.82","18.54","2034.47","37.719"
"2011","台東縣","香花作物","22.21","14.15","481.27","6.81"
"2011","花蓮縣","香花作物","0","0","0","0"
"2011","澎湖縣","香花作物","0","0","0","0"
"2011","基隆市","香花作物","0","0","0","0"
"2011","新竹市","香花作物","0","0","0","0"
"2011","嘉義市","香花作物","0","0","0","0"
"2011","金門縣","香花作物","0","0","0","0"
"2011","連江縣","香花作物","0","0","0","0"
"2011","新北市","山藥","57.66","57.66","13210.46","761.715"
"2011","台北市","山藥","23.5","23.5","22989.36","540.25"
"2011","台中市","山藥","0.63","0.63","16007.94","10.085"
"2011","台南市","山藥","0.6","0.6","30041.67","18.025"
"2011","高雄市","山藥","3","3","13833.33","41.5"
"2011","宜蘭縣","山藥","13.72","13.72","22766.76","312.36"
"2011","桃園縣","山藥","0.06","0.06","3000","0.18"
"2011","新竹縣","山藥","3.53","3.53","9983","35.24"
"2011","苗栗縣","山藥","0.25","0.25","12000","3"
"2011","彰化縣","山藥","105.57","105.57","29715.07","3137.02"
"2011","南投縣","山藥","216.98","216.98","33926.68","7361.41"
"2011","雲林縣","山藥","19.75","19.75","21651.14","427.61"
"2011","嘉義縣","山藥","13","13","16946.15","220.3"
"2011","屏東縣","山藥","19.12","19.12","19180.96","366.74"
"2011","台東縣","山藥","1.22","1.22","18614.75","22.71"
"2011","花蓮縣","山藥","8.66","8.66","21992.49","190.455"
"2011","澎湖縣","山藥","0.2","0.2","17500","3.5"
"2011","基隆市","山藥","1.67","1.67","14830.54","24.767"
"2011","新竹市","山藥","0","0","0","0"
"2011","嘉義市","山藥","1.78","1.78","21662.92","38.56"
"2011","金門縣","山藥","0","0","0","0"
"2011","連江縣","山藥","0","0","0","0"
"2011","新北市","其他特用作物","288.73","280.72","1336.4","375.153"
"2011","台北市","其他特用作物","4.23","4.23","3778.72","15.984"
"2011","台中市","其他特用作物","103.62","97.17","2878.59","279.713"
"2011","台南市","其他特用作物","459.92","459.32","3077.2","1413.421"
"2011","高雄市","其他特用作物","596.49","594.08","4699.53","2791.895"
"2011","宜蘭縣","其他特用作物","14.9","11.96","1382.78","16.538"
"2011","桃園縣","其他特用作物","110.38","105.71","4048.75","427.993"
"2011","新竹縣","其他特用作物","105.07","105.07","3028.09","318.161"
"2011","苗栗縣","其他特用作物","117.5","117.5","4110.13","482.94"
"2011","彰化縣","其他特用作物","212.25","209.95","7150.86","1501.324"
"2011","南投縣","其他特用作物","669.1","667.2","3323.66","2217.546"
"2011","雲林縣","其他特用作物","173.94","173.15","4874.96","844.1"
"2011","嘉義縣","其他特用作物","706.54","706.54","2825.57","1996.38"
"2011","屏東縣","其他特用作物","317.15","314.49","4274.65","1344.334"
"2011","台東縣","其他特用作物","2358.65","2338.38","4947.85","11569.958"
"2011","花蓮縣","其他特用作物","573.71","516.46","3403.57","1757.809"
"2011","澎湖縣","其他特用作物","8.66","8.66","3904.39","33.812"
"2011","基隆市","其他特用作物","0.01","0.01","10000","0.1"
"2011","新竹市","其他特用作物","0.09","0.09","3000","0.27"
"2011","嘉義市","其他特用作物","0.96","0.96","2164.58","2.078"
"2011","金門縣","其他特用作物","0","0","0","0"
"2011","連江縣","其他特用作物","0","0","0","0"

